FECHA;CANTIDAD;TIPO DE SERVICIO Especifico;TIPO DE SERVICIO General;DESCRIPCIÓN;COSTO x Uni;MONTO TOTAL;;;;;;;;;;;;;;;
3/1/2025;1;Colchón;Limpieza;compra lejia color;12.2;12.2;;;;;;;;;;;;;;;
4/1/2025;1;Medicamento;Medicamento;BETTY ;280;280;;;;;;;;;;;;;;;
4/1/2025;1;Abogados;Abogados;Cristina consulta de 390;195;195;;;;;;;;;;;;;;;
6/1/2025;1;Abogados;Abogados;Cristina consulta de 390;195;195;;;;;;;;;;;;;;;
7/1/2025;1;Colchón;Limpieza;insumos;719.5;719.5;;;;;;;;;;;;;;;
7/1/2025;1;Abogados;Abogados;Cristina consulta de 250;125;125;;;;;;;;;;;;;;;
8/1/2025;1;Empresa;Empresa;PAPEL TOALLA;13.2;13.2;;;;;;;;;;;;;;;
8/1/2025;1;Pisos;Limpieza;Insumos de Jonny;340;340;;;;;;;;;;;;;;;
9/1/2025;1;Cocina;Limpieza;Vinagres ;44.4;44.4;;;;;;;;;;;;;;;
9/1/2025;1;Empresa;Empresa;Refrigerio;32;32;;;;;;;;;;;;;;;
9/1/2025;1;Pisos;Limpieza;Compra insumos de piso;273.3;273.3;;;;;;;;;;;;;;;
9/1/2025;1;Abogados;Abogados;consulta abogado 390;195;195;;;;;;;;;;;;;;;
14/1/2025;1;Clases;Clases;PAGO ALFO ;315;315;;;;;;;;;;;;;;;
20/1/2025;1;Pisos;Limpieza;COMPRA INSUMOS LIMPIEZA ;560;560;;;;;;;;;;;;;;;
20/1/2025;1;Empresa;Empresa;2 pasaje ;2;2;;;;;;;;;;;;;;;
21/1/2025;1;Empresa;Empresa;Gaseosa;19;19;;;;;;;;;;;;;;;
24/1/2025;1;Empresa;Empresa;dollar city;72;72;;;;;;;;;;;;;;;
24/1/2025;1;Cocina;Limpieza;Vinagres ;15.6;15.6;;;;;;;;;;;;;;;
24/1/2025;1;Pisos;Limpieza;comora binner pisos;491.7;491.7;;;;;;;;;;;;;;;
24/1/2025;1;Pisos;Limpieza;pads joni;510;510;;;;;;;;;;;;;;;
25/1/2025;1;Empresa;Empresa;gaseosa;21;21;;;;;;;;;;;;;;;
27/1/2025;1;Empresa;Empresa;gaseosa;20;20;;;;;;;;;;;;;;;
28/1/2025;1;Colchón;Limpieza;champu de muebles ;120;120;;;;;;;;;;;;;;;
28/1/2025;3;Empresa;Empresa;Pago AFP (incluye Essalud);128.48;385.44;;;;;;;;;;;;;;;
28/1/2025;1;Empresa;Empresa;Pago ONP (incluye Essalud);146.9;146.9;;;;;;;;;;;;;;;
28/1/2025;1;Empresa;Empresa;Banahosting - Hosting;300;300;;;;;;;;;;;;;;;
28/1/2025;1;Empresa;Empresa;Namecheap - Hosting;300;300;;;;;;;;;;;;;;;
28/1/2025;1;Empresa;Empresa;Sered - Hosting;100;100;;;;;;;;;;;;;;;
28/1/2025;1;Empresa;Empresa;Nicalia - Hosting;160;160;;;;;;;;;;;;;;;
28/1/2025;1;Empresa;Empresa;Imunify - Antivirus para Hosting;100;100;;;;;;;;;;;;;;;
28/1/2025;1;Personal Marketing;Marketing;Pago a Camila;673.66;673.66;;;;;;;;;;;;;;;
5/2/2025;1;Empresa;Empresa;gaseosa/bocaditos/bizcochos;26.3;26.3;;;;;;;;;;;;;;;
5/2/2025;1;Pisos;Limpieza;insumos;820;820;;;;;;;;;;;;;;;
5/2/2025;1;Empresa;Empresa;gaseosa/kekes;21.5;21.5;;;;;;;;;;;;;;;
5/2/2025;1;Personal Limpieza;Limpieza;Jose/ Ricardo/ Jeremy;225;225;;;;;;;;;;;;;;;
6/2/2025;1;Empresa;Empresa;gaseosa/kekes;14.9;14.9;;;;;;;;;;;;;;;
6/2/2025;1;Personal Limpieza;Limpieza;Ricardo;60;60;;;;;;;;;;;;;;;
7/2/2025;1;Personal Limpieza;Limpieza;Ricardo;75;75;;;;;;;;;;;;;;;
8/2/2025;1;Personal Limpieza;Limpieza;Jhony - visita técnica;60;60;;;;;;;;;;;;;;;
8/2/2025;1;Abogados;Abogados;Abogada Jenireth Cristina;95;95;;;;;;;;;;;;;;;
8/2/2025;1;Abogados;Abogados;Abogada Jenireth Cristina;145;145;;;;;;;;;;;;;;;
8/2/2025;1;Personal Limpieza;Limpieza;Sr Rosa;3;3;;;;;;;;;;;;;;;
8/2/2025;1;Personal Limpieza;Limpieza;José Urbina;55;55;;;;;;;;;;;;;;;
9/2/2025;1;Clases;Clases;Jorge Fernandez  (clases);895;895;;;;;;;;;;;;;;;
10/2/2025;1;Clases;Clases;Katherine Cristobal;517.5;517.5;;;;;;;;;;;;;;;
11/2/2025;1;Colchón;Limpieza;René Shampoo;120;120;;;;;;;;;;;;;;;
13/2/2025;1;Personal Limpieza;Limpieza;Salud Brayan;50;50;;;;;;;;;;;;;;;
13/2/2025;1;Abogados;Abogados;Abogado Labor Molina;95;95;;;;;;;;;;;;;;;
13/2/2025;1;Colchón;Limpieza;Carbon para maq. aspiradora;60;60;;;;;;;;;;;;;;;
13/2/2025;1;Reparaciones;Reparaciones;Reparación Jefer (BK cowork);90;90;;;;;;;;;;;;;;;
13/2/2025;1;Medicamento;Medicamento;Farmacéutica Betty;3500;3500;;;;;;;;;;;;;;;
13/2/2025;1;Abogados;Abogados;Abogada Jenireth Cristina;195;195;;;;;;;;;;;;;;;
14/2/2025;1;Pisos;Limpieza;Rueda para aspiradora;12;12;;;;;;;;;;;;;;;
14/2/2025;1;Empresa;Empresa;José Urbina;55;55;;;;;;;;;;;;;;;
14/2/2025;1;Pisos;Limpieza;Visita técnica Jhonny;50;50;;;;;;;;;;;;;;;
15/2/2025;1;Pisos;Limpieza;Insumos Jhonny (minipads);240;240;;;;;;;;;;;;;;;
15/2/2025;1;Personal Ventas;Empresa;Olga (ventas);500;500;;;;;;;;;;;;;;;
15/2/2025;1;Personal Ventas;Empresa;Navid (ventas);500;500;;;;;;;;;;;;;;;
15/2/2025;1;Personal Limpieza;Limpieza;Jesús (mantenimiento);750;750;;;;;;;;;;;;;;;
15/2/2025;1;Personal Limpieza;Limpieza;Rosa (mantenimiento);900;900;;;;;;;;;;;;;;;
16/2/2025;1;Marketing;Marketing;Google Ads;13742.8;13742.8;;;;;;;;;;;;;;;
17/2/2025;1;Pisos;Limpieza;Insumos de limpieza;399;399;;;;;;;;;;;;;;;
17/2/2025;1;Empresa;Empresa;Ventilador/mascarilla;87.7;87.7;;;;;;;;;;;;;;;
17/2/2025;1;Clases;Clases;Profesor Jackson Rojo;225;225;;;;;;;;;;-;;;;;
17/2/2025;1;Empresa;Empresa;Servicios de Jhonny Nalvarte;300;300;;;;;;;;;;;;;;;
18/2/2025;1;Clases;Clases;Adelanto de Brayan;320;320;;;;;;;;;;;;;;;
18/2/2025;1;Empresa;Empresa;02 plumones negros;7;7;;;;;;;;;;-;;;;;
18/2/2025;1;Empresa;Empresa;Servicios de Jhonny Nalvarte;300;300;;;;;;;;;;;;;;;
18/2/2025;1;Abogados;Abogados;Abogado David Molina;312.5;312.5;;;;;;;;;;;;;;;
19/2/2025;1;Pisos;Limpieza;Insumos de Jhonny;751;751;;;;;;;;;;;;;;;
20/2/2025;1;Pisos;Limpieza;Insumos (Sellador);111.8;111.8;;;;;;;;;;;;;;;
20/2/2025;1;Empresa;Empresa;PLumones;9;9;;;;;;;;;;;;;;;
20/2/2025;1;Empresa;Empresa;Pago local;2300;2300;;;;;;;;;;;;;;;
20/2/2025;1;Pisos;Limpieza;Soldimix;9.5;9.5;;;;;;;;;;;;;;;
20/2/2025;1;Empresa;Empresa;Operario Carla;75;75;;;;;;;;;;;;;;;
21/2/2025;1;Colchón;Limpieza;René Shampoo;120;120;;;;;;;;;;;;;;;
21/2/2025;1;Colchón;Limpieza;6 galones de lejía;108;108;;;;;;;;;;;;;;;
21/2/2025;1;Empresa;Empresa;Operario José Urbina;60;60;;;;;;;;;;;;;;;
21/2/2025;1;Empresa;Empresa; Operario Luis Miguel;60;60;;;;;;;;;;;;;;;
21/2/2025;1;Empresa;Empresa;Pasajes Jesus y Luis MIguel;8;8;;;;;;;;;;;;;;;
21/2/2025;1;Empresa;Empresa;Pastillas Navid;12;12;;;;;;;;;;;;;;;
22/2/2025;1;Pisos;Limpieza;Accesorio de pato para aspiradora;55;55;;;;;;;;;;;;;;;
23/2/2025;1;Clases;Clases;Jorge Fernandez  (clases);822.5;822.5;;;;;;;;;;;;;;;
24/2/2025;1;Personal Limpieza;Limpieza;José Urbina;55;55;;;;;;;;;;;;;;;
24/2/2025;1;Personal Limpieza;Limpieza;Operario Noemí;65;65;;;;;;;;;;;;;;;
25/2/2025;4;Medicamento;Medicamento;Betty (voriconazol 4 und);100;400;;;;;;;;;;;;;;;
25/2/2025;1;Pisos;Limpieza;Insumos: Binners y otros;223.4;223.4;;;;;;;;;;;;;;;
25/2/2025;1;Empresa;Empresa;Ventilador;99.9;99.9;;;;;;;;;;;;;;;
25/2/2025;1;Clases;Clases;Katherine Cristóbal (clases);202.5;202.5;;;;;;;;;;;;;;;
25/2/2025;1;Personal Limpieza;Limpieza;Juan Carlos (operario);75;75;;;;;;;;;;;;;;;
26/2/2025;1;Pisos;Limpieza;Binner sellador;64;64;;;;;;;;;;;;;;;
27/2/2025;1;Empresa;Empresa;Impresiones;9;9;;;;;;;;;;;;;;;
27/2/2025;1;Empresa;Empresa;Bocadistos, gaseosa (para Luis);7;7;;;;;;;;;;;;;;;
27/2/2025;1;Personal Limpieza;Limpieza;Pago José;78;78;;;;;;;;;;;;;;;
28/2/2025;1;Empresa;Empresa;02 mascarillas;25.6;25.6;;;;;;;;;;;;;;;
28/2/2025;1;Personal Limpieza;Limpieza;Pago José;60;60;;;;;;;;;;;;;;;
28/2/2025;1;Colchón;Limpieza;Lejía;11;11;;;;;;;;;;;;;;;
28/2/2025;3;Empresa;Empresa;Pago AFP (incluye Essalud);128.48;385.44;;;;;;;;;;;;;;;
28/2/2025;1;Personal Marketing;Marketing;Pago a Camila;732.44;732.44;;;;;;;;;;;;;;;
28/2/2025;1;Empresa;Empresa;Pago ONP (incluye Essalud);146.9;146.9;;;;;;;;;;;;;;;
28/2/2025;1;Empresa;Empresa;Banahosting - Hosting;300;300;;;;;;;;;;;;;;;
28/2/2025;1;Empresa;Empresa;Namecheap - Hosting;300;300;;;;;;;;;;;;;;;
28/2/2025;1;Empresa;Empresa;Sered - Hosting;100;100;;;;;;;;;;;;;;;
28/2/2025;1;Empresa;Empresa;Nicalia - Hosting;160;160;;;;;;;;;;;;;;;
28/2/2025;1;Empresa;Empresa;Imunify - Antivirus para Hosting;100;100;;;;;;;;;;;;;;;
28/2/2025;1;Empresa;Empresa;Idroo;40;40;;;;;;;;;;;;;;;
28/2/2025;1;Empresa;Empresa;Indeed;650;650;;;;;;;;;;;;;;;
28/2/2025;2;Empresa;Empresa;Adobe;146;292;;;;;;;;;;;;;;;
28/2/2025;1;Empresa;Empresa;Test Gorilla;430;430;;;;;;;;;;;;;;;
28/2/2025;1;Empresa;Empresa;Chat Gtp;80;80;;;;;;;;;;;;;;;
28/2/2025;2;Empresa;Empresa;Gemini;74;148;;;;;;;;;;;;;;;
28/2/2025;1;Empresa;Empresa;Sueldo Marco;10000;10000;;;;;;;;;;;;;;;
28/2/2025;1;Taxis;Limpieza;TAXIS FEBRERO;4024.4;4024.4;;;;;;;;;;;;;;;
1/3/2025;1;Empresa;Empresa;Bocadistos, gaseosa;38.7;38.7;;;;;;;;;;;;;;;
1/3/2025;1;Empresa;Empresa;Pago del personal;S/.11,189.30;S/.11,189.31;;;;;;;;;;;;;;;
3/3/2025;3;Pisos;Limpieza;Lejía galon sapolio;11;33;;;;;;;;;;;;;;;
3/3/2025;3;Colchón;Limpieza;Lejía color Sapolio Galón;19;57;;;;;;;;;;;;;;;
3/3/2025;1;Pisos;Limpieza;Bolsa 140 lt trapeado;35;35;;;;;;;;;;;;;;;
3/3/2025;1;Pisos;Limpieza;Trapeador microfibr;52;52;;;;;;;;;;;;;;;
3/3/2025;4;Pisos;Limpieza;Quitasarro galón;10;40;;;;;;;;;;;;;;;
3/3/2025;1;Pisos;Limpieza;Cera galón;42;42;;;;;;;;;;;;;;;
3/3/2025;1;Pisos;Limpieza;Guantes nitrilo;40;40;;;;;;;;;;;;;;;
3/3/2025;1;Pisos;Limpieza;Masking;9.5;9.5;;;;;;;;;;;;;;;
3/3/2025;6;Pisos;Limpieza;Remov Piso;29.9;179.4;;;;;;;;;;;;;;;
3/3/2025;1;Pisos;Limpieza;Sellador B;64.9;64.9;;;;;;;;;;;;;;;
3/3/2025;2;Pisos;Limpieza;Brocha;10.7;21.4;;;;;;;;;;;;;;;
3/3/2025;2;Pisos;Limpieza;Rempis Binner;30.5;61;;;;;;;;;;;;;;;
4/3/2025;1;Pisos;Limpieza;Insumos;12;12;;;;;;;;;;;;;;;
4/3/2025;1;Pisos;Limpieza;Yoni removedor americano;100;100;;;;;;;;;;;;;;;
4/3/2025;1;Empresa;Empresa;Devolución a Jesús;5;5;;;;;;;;;;;;;;;
5/3/2025;1;Limpieza;Limpieza;gaseosa;10;10;;;;;;;;;;;;;;;
6/3/2025;1;Empresa;Empresa;pastillas Diana;3.8;3.8;;;;;;;;;;;;;;;
6/3/2025;1;Reparaciones;Reparaciones;Arreglo laptop;60;60;;;;;;;;;;;;;;;
7/3/2025;45;Pisos;Limpieza;Minipad (15 verdes, 15 marrones y 15 negros);4;180;;;;;;;;;;;;;;;
7/3/2025;1;Empresa;Empresa;Bocaditos para el compartir;44.06;44.06;;;;;;;;;;;;;;;
7/3/2025;1;Personal Limpieza;Limpieza;Pago José;90;90;;;;;;;;;;;;;;;
10/3/2025;5;Pisos;Limpieza;Binner sellador;30.54;152.7;;;;;;;;;;;;;;;
10/3/2025;1;Pisos;Limpieza;insumos para pisos;13;13;;;;;;;;;;;;;;;
10/3/2025;4;Pisos;Limpieza;Trapeador microfibr;52;208;;;;;;;;;;;;;;;
10/3/2025;12;Pisos;Limpieza;microfib;7;84;;;;;;;;;;;;;;;
10/3/2025;3;Colchón;Limpieza;Legia color galon;19;57;;;;;;;;;;;;;;;
10/3/2025;1;Colchón;Limpieza;Legía galón;11;11;;;;;;;;;;;;;;;
10/3/2025;1;Colchón;Limpieza;Esponja;15;15;;;;;;;;;;;;;;;
10/3/2025;2;Pisos;Limpieza;Libre Enjuague;22;44;;;;;;;;;;;;;;;
10/3/2025;1;Clases;Clases;Aldo;2263.15;2263.15;;;;;;;;;;;;;;;
10/3/2025;1;Clases;Clases;Jorge Clases;1985.65;1985.65;;;;;;;;;;;;;;;
10/3/2025;1;Colchón;Limpieza;Devolución a Cliente;194;194;;;;;;;;;;;;;;;
10/3/2025;3;Empresa;Empresa;agua para operarios;1.5;4.5;;;;;;;;;;;;;;;
10/3/2025;1;Personal Limpieza;Limpieza;pago a Noemi;80;80;;;;;;;;;;;;;;;
10/3/2025;1;Empresa;Empresa;taxi Diana;14.5;14.5;;;;;;;;;;;;;;;
10/3/2025;1;Empresa;Empresa;mascarillas;3;3;;;;;;;;;;;;;;;
10/3/2025;1;Personal Limpieza;Limpieza;Pago Luis Miguel;508.5;508.5;;;;;;;;;;;;;;;
10/3/2025;1;Clases;Clases;Profesora Celia;1218.75;1218.75;;;;;;;;;;;;;;;
11/3/2025;1;Empresa;Empresa;Lonche de ayer (dos queques y 2 quaquer);9;9;;;;;;;;;;;;;;;
14/3/2025;1;Colchón;Limpieza;shampoo para muebles y colchones;120;120;;;;;;;;;;;;;;;
14/3/2025;1;Personal Limpieza;Limpieza;Pago Luis Miguel;240.13;240.13;;;;;;;;;;;;;;;
15/3/2025;1;Personal Limpieza;Limpieza;Pago señora Rosa;900;900;;;;;;;;;;;;;;;
15/3/2025;1;Personal Limpieza;Limpieza;Pago Jesús;750;750;;;;;;;;;;;;;;;
15/3/2025;1;Empresa;Empresa;queques y gaseosa;18;18;;;;;;;;;;;;;;;
17/3/2025;1;Pisos;Limpieza;Insumo para muebles y pisos;366;366;;;;;;;;;;;;;;;
17/3/2025;2;Empresa;Empresa;blister de voriconazol;100;260;;;;;;;;;;;;;;;
17/3/2025;1;Pisos;Limpieza;Insumo para muebles y pisos;13;13;;;;;;;;;;;;;;;
17/3/2025;1;Pisos;Limpieza;chema clea, mas ;88.9;88.9;;;;;;;;;;;;;;;
17/3/2025;1;Empresa;Empresa;Google Ads;3794.46;7800.71;;;;;;;;;;;;;;;
17/3/2025;10;Pisos;Limpieza;pad marca americo;30;300;;;;;;;;;;;;;;;
18/3/2025;2;Pisos;Limpieza;Ceras negras;11.8;23.6;;;;;;;;;;;;;;;
18/3/2025;1;Empresa;Empresa;hamburguesa;25;25;;;;;;;;;;;;;;;
18/3/2025;1;Abogados;Abogados;Abogada Jenireth Cristina;95;95;;;;;;;;;;;;;;;
18/3/2025;1;Clases;Clases;Profesor Jorge Fernandez;1082.5;1082.5;;;;;;;;;;;;;;;
18/3/2025;1;Empresa;Empresa;Local;2550;2550;;;;;;;;;;;;;;;
19/3/2025;4;Medicamento;Medicamento;Rituximab;1000;4000;;;;;;;;;;;;;;;
19/3/2025;1;Empresa;Empresa;Torta;39.59;39.59;;;;;;;;;;;;;;;
19/3/2025;1;Empresa;Empresa;gaseosa;12.2;12.2;;;;;;;;;;;;;;;
19/3/2025;1;Empresa;Empresa;Bocaditos para el compartir;24.8;24.8;;;;;;;;;;;;;;;
19/3/2025;1;Abogados;Abogados;Abogada Jenireth Cristina;450;450;;;;;;;;;;;;;;;
20/3/2025;1;Empresa;Empresa;gaseosa;12;12;;;;;;;;;;;;;;;
20/3/2025;1;Pisos;Limpieza;cera;8;8;;;;;;;;;;;;;;;
20/3/2025;1;Personal Limpieza;Limpieza;Pago José;60;60;;;;;;;;;;;;;;;
20/3/2025;7;Pisos;Limpieza;removedor pisos;19.93;139.51;;;;;;;;;;;;;;;
20/3/2025;1;Pisos;Limpieza;pads para pisos;247.2;247.2;;;;;;;;;;;;;;;
20/3/2025;1;Personal Marketing;Marketing;Comisión Mario;220;220;;;;;;;;;;;;;;;
20/3/2025;2;Pisos;Limpieza;removedor pisos;19.93;39.86;;;;;;;;;;;;;;;
24/3/2025;1;Pisos;Limpieza;insumos para pisos;13;13;;;;;;;;;;;;;;;
24/3/2025;1;Clases;Clases;Profesor Jorge Fernandez;652.5;652.5;;;;;;;;;;;;;;;
24/3/2025;1;Clases;Clases;Profesora Katherine;67.5;67.5;;;;;;;;;;;;;;;
24/3/2025;1;Clases;Clases;Profesor Jackson Rojo;180;180;;;;;;;;;;;;;;;
24/3/2025;1;Clases;Clases;Profesora Lizbeth;75;75;;;;;;;;;;;;;;;
25/3/2025;1;Pisos;Limpieza;insumos para pisos;13;13;;;;;;;;;;;;;;;
26/3/2025;1;Empresa;Empresa;gaseosa;12.6;12.6;;;;;;;;;;;;;;;
26/3/2025;3;Empresa;Empresa;queques y gaseosa;2.5;7.5;;;;;;;;;;;;;;;
26/3/2025;4;Pisos;Limpieza;pad blanco y rojo grande;30;120;;;;;;;;;;;;;;;
27/3/2025;1;Reparaciones;Reparaciones;reparación de aspiradoras;100;100;;;;;/;;;;;;;;;;
28/3/2025;1;Medicamento;Medicamento;Rituximab;1099;1099;;;;;;;;;;;;;;;
28/3/2025;1;Empresa;Empresa;Pastillas para Luis Miguel;2.5;2.5;;;;;;;;;;;;;;;
31/3/2025;6;Colchón;Limpieza;Lejia color galon sapolio;19;114;;;;;;;;;;;;;;;
31/3/2025;2;Colchón;Limpieza;Lejia galon sapolio;11;22;;;;;;;;;;;;;;;
31/3/2025;2;Colchón;Limpieza;suavitel doypack;22;44;;;;;;;;;;;;;;;
31/3/2025;2;Colchón;Limpieza;silicona cuero spray;14;28;;;;;;;;;;;;;;;
31/3/2025;2;Colchón;Limpieza;soda caustica;14;28;;;;;;;;;;;;;;;
31/3/2025;1;Colchón;Limpieza;Trapeador microfibr;52;52;;;;;;;;;;;;;;;
31/3/2025;1;Clases;Clases;Profesora Celia;437.5;437.5;;;;;/;;;;;;;;;;
31/3/2025;1;Pisos;Limpieza;TAXIS MARZO;3042.5;3042.5;;;;;;;;;;;;;;;
30/3/2025;1;Empresa;Empresa;Sueldo Marco;10000;10000;;;;;;;;;;;;;;;
30/3/2025;3;Empresa;Empresa;Pago AFP (incluye Essalud);128.48;385.44;;;;;;;;;;;;;;;
30/3/2025;1;Empresa;Empresa;Pago ONP (incluye Essalud);146.9;146.9;;;;;;;;;;;;;;;
30/3/2025;1;Hosting;Empresa;Banahosting - Hosting;300;300;;;;;;;;;;;;;;;
30/3/2025;1;Hosting;Empresa;Namecheap - Hosting;300;300;;;;;;;;;;;;;;;
30/3/2025;1;Hosting;Empresa;Sered - Hosting;100;100;;;;;;;;;;;;;;;
30/3/2025;1;Hosting;Empresa;Nicalia - Hosting;160;160;;;;;;;;;;;;;;;
30/3/2025;1;Hosting;Empresa;Imunify - Antivirus para Hosting;100;100;;;;;;;;;;;;;;;
30/3/2025;1;Clases;Empresa;Idroo;40;40;;;;;;;;;;;;;;;
30/3/2025;1;Empresa;Empresa;Indeed;650;650;;;;;;;;;;;;;;;
30/3/2025;2;Empresa;Empresa;Adobe;146;292;;;;;;;;;;;;;;;
30/3/2025;1;IA;Empresa;Test Gorilla;430;430;;;;;;;;;;;;;;;
30/3/2025;1;IA;Empresa;Chat Gtp;80;80;;;;;;;;;;;;;;;
30/3/2025;2;IA;Empresa;Gemini;74;148;;;;;;;;;;;;;;;
30/3/2025;1;Personal Limpieza;Limpieza;Pago a Truly;60;60;;;;;;;;;;;;;;;
30/3/2025;1;Personal Marketing;Marketing;Pago a Camila;650;650;;;;;;;;;;;;;;;
30/3/2025;1;Personal Marketing;Empresa;Pago Mario;1302.77;1302.77;;;;;;;;;;;;;;;
30/3/2025;1;Personal Marketing;Empresa;Pago Saul;1082.46;1082.46;;;;;;;;;;;;;;;
30/3/2025;1;Personal Ventas;Empresa;Pago Navid;2301.84;2301.84;;;;;;;;;;;;;;;
30/3/2025;1;Personal Ventas;Empresa;Pago Diana;2128.12;2301.84;;;;;;;;;;;;;;;
30/3/2025;1;Personal Ventas;Empresa;Pago Ever;919.38;919.38;;;;;;;;;;;;;;;
30/3/2025;1;Personal Limpieza;Limpieza;Pago Jesús;552.04;552.04;;;;;;;;;;;;;;;
30/3/2025;1;Personal Limpieza;Limpieza;Pago Rosa;855.6;855.6;;;;;;;;;;;;;;;
30/3/2025;1;Personal Marketing;Empresa;Pago Harumi;1537.5;1537.5;;;;;;;;;;;;;;;
30/3/2025;1;Personal Limpieza;Limpieza;Pago Luis Miguel;489.67;489.67;;;;;;;;;;;;;;;
2/4/2025;1;Empresa;Empresa;Pastillas y Frutiflex para Ever;11.8;11.8;;;;;;;;;;;;;;;
2/4/2025;1;Abogados;Abogados;Abogada Jenireth Cristina;145;145;;;;;;;;;;;;;;;
2/4/2025;1;Personal Limpieza;Limpieza;Pago José;60;60;;;;;;;;;;;;;;;
3/4/2025;1;Empresa;Empresa;Pago de Celulares;120;120;;;;;;;;;;;;;;;
4/4/2025;1;Empresa;Limpieza;queques y gaseosa;22.1;22.1;;;;;;;;;;;;;;;
4/4/2025;4;Baño;Limpieza;Aroma spray sapolio;7;28;;;;;;;;;;;;;;;
4/4/2025;4;Pisos;Limpieza;Premio spray lavanda;10;40;;;;;;;;;;;;;;;
4/4/2025;3;Pisos;Limpieza;Limpiatodo dkasa Galon;12;36;;;;;;;;;;;;;;;
4/4/2025;1;Cocina;Limpieza;Lavavajilla ayudin;13;13;;;;;;;;;;;;;;;
4/4/2025;2;Pisos;Limpieza;Cera Balde tekno pasta;45;90;;;;;;;;;;;;;;;
4/4/2025;3;Pisos;Limpieza;Trapeador Microfibra;52;156;;;;;;;;;;;;;;;
4/4/2025;2;Pisos;Limpieza;Escoba;13;26;;;;;;;;;;;;;;;
4/4/2025;7;Pisos;Limpieza;Paño microfibra;7;49;;;;;;;;;;;;;;;
4/4/2025;1;Colchón;Limpieza;Esponja Carmelita;13;13;;;;;;;;;;;;;;;
7/4/2025;1;Empresa;Limpieza;Almuerzo y gaseosa;34;34;;;;;;;;;;;;;;;
8/4/2025;1;Pisos;Limpieza;Insumos de Pisos;304.1;304.1;;;;;;;;;;;;;;;
8/4/2025;6;Pisos;Limpieza;Bolsas;4.91;29.46;;;;;;;;;;;;;;;
8/4/2025;10;Pisos;Limpieza;Pad Marrón de 17 pulgadas;30;300;;;;;;;;;;;;;;;
8/4/2025;10;Pisos;Limpieza;Minipad marrón;4;40;;;;;;;;;;;;;;;
8/4/2025;1;Pisos;Limpieza;Restaurador de arañazos en madera;25;25;;;;;;;;;;;;;;;
8/4/2025;1;Clases;Clases;Profesor Wilmer;550;550;;;;;;;;;;;;;;;
8/4/2025;1;Clases;Clases;Profesor Jorge Fernandez;1282.5;1282.5;;;;;;;;;;;;;;;
8/4/2025;1;Clases;Clases;Profesora Katherine;90;90;;;;;;;;;;;;;;;
8/4/2025;1;Clases;Clases;Profesora Melisa;137.5;137.5;;;;;;;;;;;;;;;
8/4/2025;1;Pisos;Limpieza;Insumo para pisos;304.1;304.1;;;;;;;;;;;;;;;
8/4/2025;1;Pisos;Limpieza;6 bolsas;29.5;29.5;;;;;;;;;;;;;;;
8/4/2025;1;Personal Ventas;Empresa;Pago Ever;143.53;143.53;;;;;;;;;;;;;;;
8/4/2025;1;Empresa;Empresa;Pasaje para insumos;19;19;;;;;;;;;;;;;;;
9/4/2025;1;Personal Limpieza;Limpieza;Pago Juan Carlos;80;80;;;;;;;;;;;;;;;
9/4/2025;1;Personal Limpieza;Limpieza;Visita técnica de fachada a Jorge;10;10;;;;;;;;;;;;;;;
9/4/2025;1;Empresa;Empresa;Pago al Contador;165;165;;;;;;;;;;;;;;;
9/4/2025;1;Empresa;Empresa;Gaseosa;9.5;9.5;;;;;;;;;;;;;;;
9/4/2025;1;Personal Limpieza;Limpieza;Pago Juan Carlos;70;70;;;;;;;;;;;;;;;
10/4/2025;1;Abogados;Abogados;Abogada Jenireth Cristina;195;195;;;;;;;;;;;;;;;
10/4/2025;4;Pisos;Limpieza;Pad rojo y blanco ;30;120;;;;;;;;;;;;;;;
10/4/2025;20;Pisos;Limpieza;Minipad de 3 pulgadas;4;80;;;;;;;;;;;;;;;
11/4/2025;2;Medicamento;Medicamento;Rituximab 500mg ;1175;2350;;;;;;;;;;;;;;;
11/4/2025;2;Medicamento;Medicamento;Voriconazol;100;200;;;;;;;;;;;;;;;
11/4/2025;1;Empresa;Empresa;Gaseosa y pasaje para insumos;22.5;22.5;;;;;;;;;;;;;;;
11/4/2025;11;Pisos;Limpieza;Binner remover;30.34;333.74;;;;;;;;;;;;;;;
12/4/2025;1;Personal Limpieza;Limpieza;Pago José;60;60;;;;;;;;;;;;;;;
12/4/2025;1;Empresa;Empresa;Plumones, lapiceros y cinta para oficina;20.43;20.43;;;;;;;;;;;;;;;
14/4/2025;2;Clases;Clases;Profesor Wilmer;100;200;;;;;;;;;;;;;;;
14/4/2025;1;Pisos;Limpieza;Chema remover;20.9;20.9;;;;;;;;;;;;;;;
14/4/2025;8;Empresa;Empresa;Fotochecks;9;72;;;;;;;;;;;;;;;
15/4/2025;1;Personal Limpieza;Limpieza;Pago Luis Miguel;565;565;;;;;;;;;;;;;;;
15/4/2025;1;Personal Limpieza;Limpieza;Pago Jesús;775;775;;;;;;;;;;;;;;;
15/4/2025;1;Personal Limpieza;Limpieza;Pago Rosa;900;900;;;;;;;;;;;;;;;
16/4/2025;4;Cocina;Limpieza;Sacagrasas galon;10;40;;;;;;;;;;;;;;;
16/4/2025;4;Cocina;Limpieza;Quitagrasa galon ;52;208;;;;;;;;;;;;;;;
16/4/2025;10;Colchón;Limpieza;Paño Microfibra;7;70;;;;;;;;;;;;;;;
16/4/2025;4;Baño;Limpieza;Aroma spray sapolio;7;28;;;;;;;;;;;;;;;
16/4/2025;1;Pisos;Limpieza;Libre enjuague suavitel;22;22;;;;;;;;;;;;;;;
16/4/2025;1;Colchón;Limpieza;Detergente doffy;7;7;;;;;;;;;;;;;;;
16/4/2025;1;Colchón;Limpieza;Esponja 2 en 1 Dkasa;13;13;;;;;;;;;;;;;;;
16/4/2025;1;Pisos;Limpieza;Bolsa 26x;12;12;;;;;;;;;;;;;;;
16/4/2025;1;Colchón;Limpieza;Esponja Carmelita;14;14;;;;;;;;;;;;;;;
16/4/2025;3;Colchón;Limpieza;Lejiia Galon sapolio ;11;33;;;;;;;;;;;;;;;
16/4/2025;10;Pisos;Limpieza;Removedor piso madera  laminado;21.099;210.99;;;;;;;;;;;;;;;
16/4/2025;1;Abogados;Abogados;Abogada Jenireth Cristina;160;160;;;;;;;;;;;;;;;
16/4/2025;1;Colchón;Limpieza;Pico de pato para aspiradora;70;70;;;;;;;;;;;;;;;
16/4/2025;3;Medicamento;Medicamento;trastuzumab;733.3333333;2200;;;;;;;;;;;;;;;
18/4/2025;1;Empresa;Empresa;Local;2550;2550;;;;;;;;;;;;;;;
21/4/2025;1;Clases;Clases;Profesor Jackson Rojo;112.5;112.5;;;;;;;;;;;;;;;
21/4/2025;1;Clases;Clases;Profesora Katherine;180;180;;;;;;;;;;;;;;;
21/4/2025;1;Clases;Clases;Profesor Jorge Fernandez;1440;1440;;;;;;;;;;;;;;;
21/4/2025;1;Clases;Clases;Profesor Brandon Bolívar;240;240;;;;;;;;;;;;;;;
22/4/2025;1;Abogados;Abogados;Abogada Jenireth Cristina;410;410;;;;;;;;;;;;;;;
23/4/2025;1;Personal Ventas;Empresa;Pago Ruth;803;803;;;;;;;;;;;;;;;
24/4/2025;1;Reparaciones;Reparaciones;Reparación para la laptop de ventas;270;270;;;;;;;;;;;;;;;
30/4/2025;1;Personal Ventas;Empresa;Pago Navid;2117.11;2117.11;;;;;;;;;;;;;;;
30/4/2025;1;Personal Ventas;Empresa;Pago Daniela;1642.51;1642.51;;;;;;;;;;;;;;;
30/4/2025;1;Personal Limpieza;Limpieza;Pago Luis Miguel;348.46;348.46;;;;;;;;;;;;;;;
30/4/2025;1;Personal Limpieza;Limpieza;Pago Jesús;701.1;701.1;;;;;;;;;;;;;;;
30/4/2025;1;Personal Limpieza;Limpieza;Pago Rosa;756.85;756.85;;;;;;;;;;;;;;;
30/4/2025;1;Personal Marketing;Empresa;Pago Harumi;1672.86;1672.86;;;;;;;;;;;;;;;
30/4/2025;1;Personal Marketing;Empresa;Pago Mario;1396.52;1396.52;;;;;;;;;;;;;;;
30/4/2025;1;Personal Marketing;Empresa;Pago Saul;1103.29;1103.29;;;;;;;;;;;;;;;
30/4/2025;1;Personal Marketing;Marketing;Pago Camila;732.44;732.44;;;;;;;;;;;;;;;
30/4/2025;1;Empresa;Empresa;Sueldo Marco;10000;10000;;;;;;;;;;;;;;;
30/4/2025;1;Clases;Clases;Google Ads;3487.07;3487.07;;;;;;;;;;;;;;;
30/4/2025;1;Marketing;Marketing;Google Ads;1659.4;1659.4;;;;;;;;;;;;;;;
30/4/2025;1;Pisos;Limpieza;Google Ads;525.7;525.7;;;;;;;;;;;;;;;
30/4/2025;1;Inmueble;Limpieza;Google Ads;2686.78;2686.78;;;;;;;;;;;;;;;
30/4/2025;1;Colchón;Limpieza;Google Ads;1622.23;1622.23;;;;;;;;;;;;;;;
30/4/2025;1;Mueble;Limpieza;Google Ads;773.36;773.36;;;;;;;;;;;;;;;
30/4/2025;4;Empresa;Empresa;Pago AFP (incluye Essalud);128.48;513.92;;;;;;;;;;;;;;;
30/4/2025;1;Empresa;Empresa;Pago ONP (incluye Essalud);146.9;146.9;;;;;;;;;;;;;;;
30/4/2025;1;Hosting;Empresa;Banahosting - Hosting;300;300;;;;;;;;;;;;;;;
30/4/2025;1;Hosting;Empresa;Namecheap - Hosting;300;300;;;;;;;;;;;;;;;
30/4/2025;1;Hosting;Empresa;Sered - Hosting;100;100;;;;;;;;;;;;;;;
30/4/2025;1;Hosting;Empresa;Nicalia - Hosting;160;160;;;;;;;;;;;;;;;
30/4/2025;1;Hosting;Empresa;Imunify - Antivirus para Hosting;100;100;;;;;;;;;;;;;;;
30/4/2025;1;Clases;Clases;Idroo;40;40;;;;;;;;;;;;;;;
30/4/2025;1;Empresa;Empresa;Indeed;650;650;;;;;;;;;;;;;;;
30/4/2025;2;Diseño;Empresa;Adobe;146;292;;;;;;;;;;;;;;;
30/4/2025;1;Empresa;Empresa;Test Gorilla;430;430;;;;;;;;;;;;;;;
30/4/2025;1;IA;Empresa;Chat Gtp;80;80;;;;;;;;;;;;;;;
30/4/2025;2;IA;Empresa;Gemini;74;148;;;;;;;;;;;;;;;
30/4/2025;1;Taxis;Limpieza;TAXIS ABRIL;2107.2;2107.2;;;;;;;;;;;;;;;
30/4/2025;1;Empresa;Empresa;Contador;165;165;;;;;;;;;;;;;;;
2/5/2025;5;Colchón;Limpieza;Lejia color galon sapolio;19;95;;;;;;;;;;;;;;;
2/5/2025;1;Colchón;Limpieza;Lejia galon sapolio;11;11;;;;;;;;;;;;;;;
2/5/2025;3;Pisos;Limpieza;Trapeador microfibra ;52;156;;;;;;;;;;;;;;;
2/5/2025;1;Colchón;Limpieza;Suavitel doypack;22;22;;;;;;;;;;;;;;;
2/5/2025;2;Baño;Limpieza;Limpia inodoro wc;9;18;;;;;;;;;;;;;;;
2/5/2025;1;Colchón;Limpieza;Guantes verde nitrilo;40;40;;;;;;;;;;;;;;;
5/5/2025;1;Clases;Clases;Profesora Lizbeth;337.5;337.5;;;;;;;;;;;;;;;
5/5/2025;1;Clases;Clases;Profesora Katherine;292.5;292.5;;;;;;;;;;;;;;;
5/5/2025;1;Clases;Clases;Profesora Celia;1232.5;1232.5;;;;;;;;;;;;;;;
6/5/2025;1;Clases;Clases;Profesor Jorge Fernandez;1800;1800;;;;;;;;;;;;;;;
10/5/2025;1;Personal Limpieza;Limpieza;Pago Juan Carlos;70;70;;;;;;;;;;;;;;;
12/5/2025;3;Colchón;Limpieza;Lejia color galon sapolio;19;57;;;;;;;;;;;;;;;
12/5/2025;4;Colchón;Limpieza;Lejia galon sapolio;11;44;;;;;;;;;;;;;;;
12/5/2025;5;Colchón;Limpieza;Premio spray lavanda;10;50;;;;;;;;;;;;;;;
12/5/2025;3;Baño;Limpieza;wc frasco inodoro;9;27;;;;;;;;;;;;;;;
12/5/2025;1;Colchón;Limpieza;Cif crema frasco;13;13;;;;;;;;;;;;;;;
12/5/2025;5;Baño;Limpieza;Aroma spray sapolio;7;35;;;;;;;;;;;;;;;
12/5/2025;10;Colchón;Limpieza;Paño x 4 unid microfibra;7;70;;;;;;;;;;;;;;;
12/5/2025;4;Pisos;Limpieza;Trapeador microfibra;52;208;;;;;;;;;;;;;;;
12/5/2025;1;Clases;Clases;Profesor Brandon Bolívar;360;360;;;;;;;;;;;;;;;
13/5/2025;1;Clases;Clases;Profesor Jackson Rojo;225;225;;;;;;;;;;;;;;;
13/5/2025;1;Empresa;Empresa;Suscripcion de autoresponder.ai;150;150;;;;;;;;;;;;;;;
14/5/2025;1;Empresa;Empresa;Cuaderno;15;15;;;;;;;;;;;;;;;
14/5/2025;2;Medicamento;Medicamento;Voriconazol ;100;200;;;;;;;;;;;;;;;
15/5/2025;1;Personal Limpieza;Limpieza;Pago Luis Miguel;565;565;;;;;;;;;;;;;;;
15/5/2025;1;Personal Limpieza;Limpieza;Pago Jesús;775;775;;;;;;;;;;;;;;;
15/5/2025;1;Personal Limpieza;Limpieza;Pago Rosa;900;900;;;;;;;;;;;;;;;
16/5/2025;1;Personal Limpieza;Limpieza;Pago Erika;60;60;;;;;;;;;;;;;;;
16/5/2025;1;Personal Limpieza;Limpieza;Pago Juan Carlos;75;75;;;;;;;;;;;;;;;
16/5/2025;2;Medicamento;Medicamento;Voriconazol ;100;200;;;;;;;;;;;;;;;
18/5/2025;1;Empresa;Empresa;Local;2550;2550;;;;;;;;;;;;;;;
19/5/2025;1;Clases;Clases;Profesor Jorge Fernandez;1335;1335;;;;;;;;;;;;;;;
19/5/2025;1;Clases;Clases;Profesora Katherine;435;435;;;;;;;;;;;;;;;
19/5/2025;1;Clases;Clases;Profesor Jackson Rojo;225;225;;;;;;;;;;;;;;;
19/5/2025;1;Clases;Clases;Profesor Miguel Pareja;112.5;112.5;;;;;;;;;;;;;;;
19/5/2025;1;Clases;Clases;Profesor Martin;150;150;;;;;;;;;;;;;;;
19/5/2025;1;Empresa;Empresa;Cuaderno para Visitas;15;15;;;;;;;;;;;;;;;
21/5/2025;1;Empresa;Empresa;Gaseosa y almuerzo;36.6;36.6;;;;;;;;;;;;;;;
21/5/2025;1;Personal Limpieza;Limpieza;Pago José;60;60;;;;;;;;;;;;;;;
26/5/2025;1;Pisos;Limpieza;Resina Negra;140;140;;;;;;;;;;;;;;;
26/5/2025;1;Clases;Clases;Profesora Melisa;225;225;;;;;;;;;;;;;;;
26/5/2025;1;Clases;Clases;Profesora Lizbeth;337.5;337.5;;;;;;;;;;;;;;;
27/5/2025;8;Colchón;Limpieza;Paño x 4 unid microfibra;7;56;;;;;;;;;;;;;;;
27/5/2025;1;Pisos;Limpieza;Alambrado;20;20;;;;;;;;;;;;;;;
27/5/2025;1;Colchón;Limpieza;Esponja viruta;13;13;;;;;;;;;;;;;;;
27/5/2025;2;Pisos;Limpieza;Trapeador microfibra;52;104;;;;;;;;;;;;;;;
27/5/2025;1;Pisos;Limpieza;bolsa liso ;18;18;;;;;;;;;;;;;;;
27/5/2025;2;Colchón;Limpieza;Lejia color galon sapolio;19;38;;;;;;;;;;;;;;;
27/5/2025;2;Colchón;Limpieza;Lejia galon sapolio;11;22;;;;;;;;;;;;;;;
27/5/2025;3;Pisos;Limpieza;Cif crema frasco;12;36;;;;;;;;;;;;;;;
27/5/2025;15;Pisos;Limpieza;Antihongos sapolio;12;180;;;;;;;;;;;;;;;
27/5/2025;2;Baño;Limpieza;Frasco wc inodoro;9;18;;;;;;;;;;;;;;;
27/5/2025;2;Pisos;Limpieza;Frasco x 2 litros;15;30;;;;;;;;;;;;;;;
27/5/2025;3;Pisos;Limpieza;Soda caustica;12;36;;;;;;;;;;;;;;;
27/5/2025;3;Baño;Limpieza;Quitasarro galon;10;30;;;;;;;;;;;;;;;
27/5/2025;5;Baño;Limpieza;Aroma spray sapolio;6;30;;;;;;;;;;;;;;;
27/5/2025;3;Pisos;Limpieza;Premio spray lavanda;10;30;;;;;;;;;;;;;;;
27/5/2025;1;Pisos;Limpieza;Lavavajilla ayudin;12;12;;;;;;;;;;;;;;;
27/5/2025;2;Colchón;Limpieza;Suavitel doypack;21;42;;;;;;;;;;;;;;;
27/5/2025;1;Pisos;Limpieza;Guantes verde nitrilo;40;40;;;;;;;;;;;;;;;
29/5/2025;1;Pisos;Limpieza;Chema Remover;22.9;22.9;;;;;;;;;;;;;;;
29/5/2025;12;Pisos;Limpieza;Binner remover;14.6;175.2;;;;;;;;;;;;;;;
29/5/2025;1;Taxis;Limpieza;TAXIS MAYO;2191.4;2191.4;;;;;;;;;;;;;;;
29/5/2025;1;Empresa;Empresa;Contador;165;165;;;;;;;;;;;;;;;
30/5/2025;1;Clases;Clases;Google Ads;2638.87;3694.418;;;;;;;;;;;;;;;
30/5/2025;1;Pisos;Limpieza;Google Ads;624.34;874.076;;;;;;;;;;;;;;;
30/5/2025;1;Colchón;Limpieza;Google Ads;838.9;1174.46;;;;;;;;;;;;;;;
30/5/2025;1;Mueble;Limpieza;Google Ads;342.565;479.591;;;;;;;;;;;;;;;
30/5/2025;1;Cocina;Limpieza;Google Ads;279.8;391.72;;;;;;;;;;;;;;;
30/5/2025;1;Alfombra;Limpieza;Google Ads;342.565;479.591;;;;;;;;;;;;;;;
30/5/2025;1;Baño;Limpieza;Google Ads;279.8;391.72;;;;;;;;;;;;;;;
30/5/2025;1;Inmueble;Limpieza;Google Ads;2630.93;3683.302;;;;;;;;;;;;;;;
30/5/2025;1;Ventanas;Limpieza;Google Ads;279.8;391.72;;;;;;;;;;;;;;;
30/5/2025;1;Marketing;Marketing;Google Ads;402.3;563.22;;;;;;;;;;;;;;;
30/5/2025;1;Hosting;Empresa;Banahosting - Hosting;300;300;;;;;;;;;;;;;;;
30/5/2025;1;Hosting;Empresa;Namecheap - Hosting;300;300;;;;;;;;;;;;;;;
30/5/2025;1;Hosting;Empresa;Sered - Hosting;100;100;;;;;;;;;;;;;;;
30/5/2025;1;Hosting;Empresa;Nicalia - Hosting;160;160;;;;;;;;;;;;;;;
30/5/2025;1;Hosting;Empresa;Imunify - Antivirus para Hosting;100;100;;;;;;;;;;;;;;;
30/5/2025;1;Personal Ventas;Empresa;Pago Navid;1798.61;1798.61;;;;;;;;;;;;;;;
30/5/2025;1;Personal Ventas;Empresa;Pago Daniela;1642.51;1642.51;;;;;;;;;;;;;;;
30/5/2025;1;Personal Ventas;Empresa;Pago Isabella;559.43;559.43;;;;;;;;;;;;;;;
30/5/2025;1;Personal Ventas;Empresa;Pago Andrea;660.36;660.36;;;;;;;;;;;;;;;
30/5/2025;1;Personal Limpieza;Limpieza;Pago Luis Miguel;470.27;470.27;;;;;;;;;;;;;;;
30/5/2025;1;Personal Limpieza;Limpieza;Pago Jesús;368.81;368.81;;;;;;;;;;;;;;;
30/5/2025;1;Personal Limpieza;Limpieza;Pago Rosa;715.6;715.6;;;;;;;;;;;;;;;
30/5/2025;1;Personal Marketing;Empresa;Pago Harumi;1596.52;1596.52;;;;;;;;;;;;;;;
30/5/2025;1;Personal Marketing;Empresa;Pago Mario;1412.15;1412.15;;;;;;;;;;;;;;;
30/5/2025;1;Personal Marketing;Empresa;Pago Saul;1090.27;1090.27;;;;;;;;;;;;;;;
30/5/2025;1;Personal Marketing;Marketing;Pago Camila;675.19;675.19;;;;;;;;;;;;;;;
30/5/2025;1;Empresa;Empresa;Sueldo Marco;10000;10000;;;;;;;;;;;;;;;
30/5/2025;1;Clases;Clases;Idroo;40;40;;;;;;;;;;;;;;;
30/5/2025;1;Empresa;Empresa;Indeed;650;650;;;;;;;;;;;;;;;
30/5/2025;2;Diseño;Empresa;Adobe;146;292;;;;;;;;;;;;;;;
30/5/2025;1;Empresa;Empresa;Test Gorilla;430;430;;;;;;;;;;;;;;;
30/5/2025;1;IA;Empresa;Chat Gtp;80;80;;;;;;;;;;;;;;;
30/5/2025;2;IA;Empresa;Gemini;74;148;;;;;;;;;;;;;;;
30/5/2025;1;IA;Empresa;Claude;80;80;;;;;;;;;;;;;;;
30/5/2025;5;Beneficios Sociales;Empresa;Pago AFP (incluye Essalud);128.48;642.4;;;;;;;;;;;;;;;
30/5/2025;1;Beneficios Sociales;Empresa;Pago ONP (incluye Essalud);146.9;146.9;;;;;;;;;;;;;;;
30/5/2025;1;Diseño;Empresa;Ideogram;80;80;;;;;;;;;;;;;;;
30/5/2025;1;Diseño;Empresa;MidJourney;40;40;;;;;;;;;;;;;;;
30/5/2025;1;Abogados;Abogados;Abogada Jenireth Cristina;195;195;;;;;;;;;;;;;;;
31/5/2025;1;Personal Limpieza;Limpieza;Pago Juan Carlos;70;70;;;;;;;;;;;;;;;
2/6/2025;2;Medicamento;Medicamento;temozolamida;1100;2200;;;;;;;;;;;;;;;
3/6/2025;5;Pisos;Limpieza;Binner remover;29.9;149.5;;;;;;;;;;;;;;;
7/6/2025;1;Abogados;Abogados;Abogada Jenireth Cristina;145;145;;;;;;;;;;;;;;;
6/6/2025;1;Personal Limpieza;Limpieza;Pago Juan Carlos;70;70;;;;;;;;;;;;;;;
9/6/2025;1;Personal Limpieza;Limpieza;Pago José;60;60;;;;;;;;;;;;;;;
9/6/2025;1;Clases;Clases;Profesora Melisa;187.5;187.5;;;;;;;;;;;;;;;
9/6/2025;1;Clases;Clases;Profesor Martin;225;225;;;;;;;;;;;;;;;
10/6/2025;1;Clases;Clases;Profesora Lizbeth;375.5;375.5;;;;;;;;;;;;;;;
10/6/2025;1;Clases;Clases;Profesor Leonardo;225;225;;;;;;;;;;;;;;;
11/6/2025;3;Medicamento;Medicamento;Trastuzumab ;800;2400;;;;;;;;;;;;;;;
12/6/2025;1;Psicologo;Psicologo;Psicologa Ysabel;150;150;;;;;;;;;;;;;;;
15/6/2025;1;Personal Limpieza;Limpieza;Pago Jesús;775;775;;;;;;;;;;;;;;;
15/6/2025;1;Personal Limpieza;Limpieza;Pago Rosa;900;900;;;;;;;;;;;;;;;
15/6/2025;1;Personal Limpieza;Limpieza;Pago Luis Miguel;565;565;;;;;;;;;;;;;;;
15/6/2025;1;Personal Limpieza;Limpieza;Pago Erika;60;60;;;;;;;;;;;;;;;
16/6/2025;1;Clases;Clases;Profesora Lizbeth;450;450;;;;;;;;;;;;;;;
16/6/2025;1;Clases;Clases;Profesora Melisa;225;225;;;;;;;;;;;;;;;
16/6/2025;1;Clases;Clases;Profesora Katherine;427.5;427.5;;;;;;;;;;;;;;;
16/6/2025;1;Clases;Clases;Profesor Jorge Fernandez;1777.5;1777.5;;;;;;;;;;;;;;;
17/6/2025;1;Medicamento;Medicamento;trastuzumab;800;800;;;;;;;;;;;;;;;
17/6/2025;3;Medicamento;Medicamento;voriconazol;100;300;;;;;;;;;;;;;;;
17/6/2025;1;Clases;Clases;Profesor Luis Angel;37.5;37.5;;;;;;;;;;;;;;;
17/6/2025;1;Abogados;Abogados;Abogada Jenireth Cristina;200;200;;;;;;;;;;;;;;;
18/6/2025;1;Empresa;Empresa;Local;2550;2550;;;;;;;;;;;;;;;
18/6/2025;1;Reparaciones;Reparaciones;Reparación de sillas;50;50;;;;;;;;;;;;;;;
18/6/2025;1;Empresa;Empresa;Contador;165;165;;;;;;;;;;;;;;;
19/6/2025;3;Inmueble;Limpieza;Trapeador microfibra;52;156;;;;;;;;;;;;;;;
19/6/2025;1;Inmueble;Limpieza;Guantes nitrilo ;40;40;;;;;;;;;;;;;;;
19/6/2025;1;Inmueble;Limpieza;Bolsa Mascarilla;10;10;;;;;;;;;;;;;;;
19/6/2025;2;Pisos;Limpieza;Lejia color galon sapolio;19;38;;;;;;;;;;;;;;;
19/6/2025;2;Pisos;Limpieza;Cif crema frasco;13;26;;;;;;;;;;;;;;;
19/6/2025;5;Pisos;Limpieza;Aroma spray sapolio;7;35;;;;;;;;;;;;;;;
19/6/2025;1;Ventanas;Limpieza;Lavavajilla ayudin;15;15;;;;;;;;;;;;;;;
19/6/2025;1;Ventanas;Limpieza;Limpia vidrio galon;15;15;;;;;;;;;;;;;;;
19/6/2025;2;Colchón;Limpieza;Libre enjuague suavitel;21;42;;;;;;;;;;;;;;;
19/6/2025;1;Colchón;Limpieza;Esponja Carmelita alambrado;18;18;;;;;;;;;;;;;;;
19/6/2025;4;Inmueble;Limpieza;Pads grandes;30;120;;;;;;;;;;;;;;;
19/6/2025;1;Personal Limpieza;Limpieza;Pago José;60;60;;;;;;;;;;;;;;;
20/6/2025;1;Personal Limpieza;Limpieza;Pago José;60;60;;;;;;;;;;;;;;;
23/6/2025;1;Clases;Clases;Profesor Leonardo;37.5;37.5;;;;;;;;;;;;;;;
23/6/2025;1;Clases;Clases;Profesor Martin;525;525;;;;;;;;;;;;;;;
23/6/2025;1;Clases;Clases;Profesora Lizbeth;412.5;412.5;;;;;;;;;;;;;;;
23/6/2025;1;Medicamento;Medicamento;Profesor Miguel Pareja;93.75;93.75;;;;;;;;;;;;;;;
23/6/2025;1;Personal Ventas;Empresa;Pago Isabella;521.62;521.62;;;;;;;;;;;;;;;
24/6/2025;1;Personal Limpieza;Limpieza;Operario Noemí;65;65;;;;;;;;;;;;;;;
24/6/2025;3;Medicamento;Medicamento;Capecitabina;12;36;;;;;;;;;;;;;;;
25/6/2025;1;Medicamento;Medicamento;voriconazol;100;100;;;;;;;;;;;;;;;
25/6/2025;1;Hosting;Empresa;Dominios .com y .net etc;183.75;183.75;;;;;;;;;;;;;;;
25/6/2025;1;Hosting;Empresa;Dominios .online;11.25;11.25;;;;;;;;;;;;;;;
25/6/2025;1;Hosting;Empresa;Namecheap - Hosting;25;25;;;;;;;;;;;;;;;
25/6/2025;1;Empresa;Empresa;Kaspersky Antivirus;25;25;;;;;;;;;;;;;;;
25/6/2025;1;Empresa;Empresa;Sueldo Marco;10000;10000;;;;;;;;;;;;;;;
25/6/2025;1;Clases;Clases;Idroo;40;40;;;;;;;;;;;;;;;
25/6/2025;1;Empresa;Empresa;Indeed;650;650;;;;;;;;;;;;;;;
25/6/2025;2;Diseño;Empresa;Adobe;146;292;;;;;;;;;;;;;;;
25/6/2025;1;Empresa;Empresa;Test Gorilla;430;430;;;;;;;;;;;;;;;
25/6/2025;1;IA;Empresa;Chat Gtp;80;80;;;;;;;;;;;;;;;
25/6/2025;2;IA;Empresa;Gemini;74;148;;;;;;;;;;;;;;;
25/6/2025;1;IA;Empresa;Claude;80;80;;;;;;;;;;;;;;;
25/6/2025;4;Beneficios Sociales;Empresa;Pago AFP (incluye Essalud);128.48;513.92;;;;;;;;;;;;;;;
25/6/2025;1;Beneficios Sociales;Empresa;Pago ONP (incluye Essalud);146.9;146.9;;;;;;;;;;;;;;;
25/6/2025;1;Diseño;Empresa;Ideogram;80;80;;;;;;;;;;;;;;;
25/6/2025;1;Hosting;Empresa;Banahosting - Hosting;300;300;;;;;;;;;;;;;;;
25/6/2025;1;Hosting;Empresa;Namecheap - Hosting;300;300;;;;;;;;;;;;;;;
25/6/2025;1;Hosting;Empresa;Sered - Hosting;100;100;;;;;;;;;;;;;;;
25/6/2025;1;Hosting;Empresa;Nicalia - Hosting;160;160;;;;;;;;;;;;;;;
25/6/2025;1;Hosting;Empresa;Imunify - Antivirus para Hosting;100;100;;;;;;;;;;;;;;;
27/6/2025;2;Personal Limpieza;Limpieza;Operario Noemí y Ana;50;100;;;;;;;;;;;;;;;
27/6/2025;1;Personal Limpieza;Limpieza;Pago José;31.5;31.5;;;;;;;;;;;;;;;
28/6/2025;1;Empresa;Limpieza;Polos Operarios;102;102;;;;;;;;;;;;;;;
30/6/2025;1;Taxis;Limpieza;TAXIS JUNIO;2243.9;2243.9;;;;;;;;;;;;;;;
30/6/2025;1;Clases;Clases;Profesor Jorge Fernandez;1785;1785;;;;;;;;;;;;;;;
30/6/2025;1;Clases;Clases;Profesora Lizbeth;975;975;;;;;;;;;;;;;;;
30/6/2025;1;Clases;Clases;Profesora Celia;1286.25;1286.25;;;;;;;;;;;;;;;
30/6/2025;1;Clases;Clases;Profesora Melisa;112.5;112.5;;;;;;;;;;;;;;;
30/6/2025;1;Colchón;Limpieza;Google Ads;462.43;647.402;;;;;;;;;;;;;;;
30/6/2025;1;Mueble;Limpieza;Google Ads;231.215;323.701;;;;;;;;;;;;;;;
30/6/2025;1;Alfombra;Limpieza;Google Ads;231.215;323.701;;;;;;;;;;;;;;;
30/6/2025;1;Inmueble;Limpieza;Google Ads;1486.84;2081.576;;;;;;;;;;;;;;;
30/6/2025;1;Pisos;Limpieza;Google Ads;318.66;446.124;;;;;;;;;;;;;;;
30/6/2025;1;Baño;Limpieza;Google Ads;246.9866667;345.7813333;;;;;;;;;;;;;;;
30/6/2025;1;Cocina;Limpieza;Google Ads;246.9866667;345.7813333;;;;;;;;;;;;;;;
30/6/2025;1;Ventanas;Limpieza;Google Ads;246.9866667;345.7813333;;;;;;;;;;;;;;;
30/6/2025;1;Marketing;Marketing;Google Ads;992.24;1389.136;;;;;;;;;;;;;;;
30/6/2025;1;Clases;Clases;Google Ads;1988.44;2783.816;;;;;;;;;;;;;;;
30/6/2025;1;Personal Limpieza;Limpieza;Pago Jesús;569.12;569.12;;;;;;;;;;;;;;;
30/6/2025;1;Personal Limpieza;Limpieza;Pago Rosa;365.6;365.6;;;;;;;;;;;;;;;
30/6/2025;1;Personal Limpieza;Limpieza;Pago Luis Miguel;446.73;446.73;;;;;;;;;;;;;;;
30/6/2025;1;Personal Marketing;Empresa;Pago Harumi;1746.77;1746.77;;;;;;;;;;;;;;;
30/6/2025;1;Personal Marketing;Empresa;Pago Mario;1412.15;1412.15;;;;;;;;;;;;;;;
30/6/2025;1;Personal Marketing;Empresa;Pago Saul;1048.6;1048.6;;;;;;;;;;;;;;;
30/6/2025;1;Personal Marketing;Marketing;Pago Camila;686.64;686.64;;;;;;;;;;;;;;;
30/6/2025;1;Empresa;Empresa;Pago Navid;2017.55;2017.55;;;;;;;;;;;;;;;
30/6/2025;1;Empresa;Empresa;Pago Daniela;1600;1600;;;;;;;;;;;;;;;
30/6/2025;1;Empresa;Empresa;Pago Andrea;2039.68;2039.68;;;;;;;;;;;;;;;
1/7/2025;1;Medicamento;Medicamento;Ciclofosfamida 1g;120;120;;;;;;;;;;;;;;;
2/7/2025;10;Inmueble;Limpieza;Antihongos sapolio;11;110;;;;;;;;;;;;;;;
2/7/2025;3;Empresa;Empresa;Plumones de pizarra;4;12;;;;;;;;;;;;;;;
2/7/2025;2;Medicamento;Medicamento;blister de voriconazol;100;200;;;;;;;;;;;;;;;
2/7/2025;1;Medicamento;Medicamento;Pago Ricardo;60;60;;;;;;;;;;;;;;;
2/7/2025;1;Clases;Clases;Pago Luis Angel;131.25;131.25;;;;;;;;;;;;;;;
3/7/2025;1;Clases;Clases;Pago Romina;280;280;;;;;;;;;;;;;;;
4/7/2025;12;Inmueble;Limpieza;Trapiador;4;48;;;;;;;;;;;;;;;
4/7/2025;1;Inmueble;Limpieza;Carmelita;12;12;;;;;;;;;;;;;;;
4/7/2025;1;Inmueble;Limpieza;Esponja Fierro;18;18;;;;;;;;;;;;;;;
4/7/2025;1;Inmueble;Limpieza;Sacagrasa galon;9;9;;;;;;;;;;;;;;;
4/7/2025;1;Inmueble;Limpieza;Quitasarro galon;9;9;;;;;;;;;;;;;;;
4/7/2025;1;Inmueble;Limpieza;Detergente 4 kilo;21;21;;;;;;;;;;;;;;;
4/7/2025;3;Inmueble;Limpieza;Silicona de cuero;14;42;;;;;;;;;;;;;;;
4/7/2025;6;Inmueble;Limpieza;Antihongos sapolio;10;60;;;;;;;;;;;;;;;
4/7/2025;1;Inmueble;Limpieza;Bolsas 26/40;15;15;;;;;;;;;;;;;;;
4/7/2025;1;Inmueble;Limpieza;Caja de guantes;20;20;;;;;;;;;;;;;;;
4/7/2025;1;Inmueble;Limpieza;Escoba;12;12;;;;;;;;;;;;;;;
4/7/2025;1;Inmueble;Limpieza;Lejia color galon sapolio;18;18;;;;;;;;;;;;;;;
4/7/2025;1;Inmueble;Limpieza;Limpia Vidirio;30;30;;;;;;;;;;;;;;;
4/7/2025;1;Inmueble;Limpieza;Almuerzo Operarios;19;19;;;;;;;;;;;;;;;
5/7/2025;5;Medicamento;Medicamento;Filgastrim;60;300;;;;;;;;;;;;;;;
7/7/2025;1;Empresa;Limpieza;Liquidación Rosa;425;425;;;;;;;;;;;;;;;
8/7/2025;1;Clases;Clases;Profesor Martin;337.5;337.5;;;;;;;;;;;;;;;
8/7/2025;1;Clases;Clases;Profesor leonardo;37.5;37.5;;;;;;;;;;;;;;;
8/7/2025;1;Clases;Clases;Profesor Jackson Rojo;180;180;;;;;;;;;;;;;;;
9/7/2025;30;Inmueble;Limpieza;Mini pads;4;120;;;;;;;;;;;;;;;
11/7/2025;1;Clases;Clases;Profesor Miguel Pareja;206.25;206.25;;;;;;;;;;;;;;;
11/7/2025;1;Personal Limpieza;Limpieza;Pago José;60;60;;;;;;;;;;;;;;;
11/7/2025;1;Personal Limpieza;Limpieza;Pago Kevin;60;60;;;;;;;;;;;;;;;
11/7/2025;1;Personal Ventas;Empresa;Pago Massoni;158.39;158.39;;;;;;;;;;;;;;;
11/7/2025;1;Empresa;Empresa;Folder;6.5;6.5;;;;;;;;;;;;;;;
11/7/2025;1;Empresa;Empresa;Impresiones;16.8;16.8;;;;;;;;;;;;;;;
12/7/2025;1;Personal Limpieza;Limpieza;Pago Yessenia;60;60;;;;;;;;;;;;;;;
12/7/2025;1;Personal Limpieza;Limpieza;Pago Kevin;60;60;;;;;;;;;;;;;;;
14/7/2025;1;Personal Limpieza;Limpieza;Pago Yessenia;60;60;;;;;;;;;;;;;;;
14/7/2025;1;Clases;Clases;Profesor Brandon Bolívar;220;220;;;;;;;;;;;;;;;
14/7/2025;1;Clases;Clases;Profesor Luis Angel;93.75;93.75;;;;;;;;;;;;;;;
14/7/2025;1;Clases;Clases;Profesora Lizbeth;450;450;;;;;;;;;;;;;;;
14/7/2025;1;Clases;Clases;Profesora Katherine;315;315;;;;;;;;;;;;;;;
14/7/2025;1;Clases;Clases;Profesor Jorge Fernandez;1605;1605;;;;;;;;;;;;;;;
16/7/2025;2;Colchón;Limpieza;Lejía color mediana;11.5;23;;;;;;;;;;;;;;;
16/7/2025;1;Hosting;Empresa;Dominios .com y .net etc;183.75;183.75;;;;;;;;;;;;;;;
16/7/2025;1;Hosting;Empresa;Dominios .online;11.25;11.25;;;;;;;;;;;;;;;
16/7/2025;1;Hosting;Empresa;Namecheap - Hosting;25;25;;;;;;;;;;;;;;;
16/7/2025;1;Empresa;Empresa;Kaspersky Antivirus;25;25;;;;;;;;;;;;;;;
16/7/2025;1;Empresa;Empresa;Sueldo Marco;10000;10000;;;;;;;;;;;;;;;
16/7/2025;1;Clases;Clases;Idroo;40;40;;;;;;;;;;;;;;;
16/7/2025;1;Empresa;Empresa;Indeed;650;650;;;;;;;;;;;;;;;
16/7/2025;2;Diseño;Empresa;Adobe;146;292;;;;;;;;;;;;;;;
16/7/2025;1;Empresa;Empresa;Test Gorilla;430;430;;;;;;;;;;;;;;;
16/7/2025;1;IA;Empresa;Chat Gtp;80;80;;;;;;;;;;;;;;;
16/7/2025;2;IA;Empresa;Gemini;74;148;;;;;;;;;;;;;;;
16/7/2025;1;IA;Empresa;Claude;80;80;;;;;;;;;;;;;;;
16/7/2025;4;Beneficios Sociales;Empresa;Pago AFP (incluye Essalud);128.48;513.92;;;;;;;;;;;;;;;
16/7/2025;1;Diseño;Empresa;Ideogram;80;80;;;;;;;;;;;;;;;
16/7/2025;1;Hosting;Empresa;Banahosting - Hosting;300;300;;;;;;;;;;;;;;;
16/7/2025;1;Hosting;Empresa;Namecheap - Hosting;300;300;;;;;;;;;;;;;;;
16/7/2025;1;Hosting;Empresa;Sered - Hosting;100;100;;;;;;;;;;;;;;;
16/7/2025;1;Hosting;Empresa;Nicalia - Hosting;160;160;;;;;;;;;;;;;;;
16/7/2025;1;Hosting;Empresa;Imunify - Antivirus para Hosting;100;100;;;;;;;;;;;;;;;
16/7/2025;1;Personal Limpieza;Limpieza;Pago Jesús;569.12;569.12;;;;;;;;;;;;;;;
16/7/2025;1;Personal Limpieza;Limpieza;Pago Luis Miguel;446.73;446.73;;;;;;;;;;;;;;;
18/7/2025;1;Empresa;Empresa;Local;2550;2550;;;;;;;;;;;;;;;
18/7/2025;6;Colchón;Limpieza;Lejia color galon;16;96;;;;;;;;;;;;;;;
18/7/2025;1;Inmueble;Limpieza;Lejia galon;9.5;9.5;;;;;;;;;;;;;;;
18/7/2025;12;Inmueble;Limpieza;Antihongos sapolio;11;132;;;;;;;;;;;;;;;
18/7/2025;2;Baños;Limpieza;WC Sapolio;9;18;;;;;;;;;;;;;;;
18/7/2025;3;Inmueble;Limpieza;Soda Caustica;10;30;;;;;;;;;;;;;;;
18/7/2025;4;Inmueble;Limpieza;Aroma spray sapolio;6;24;;;;;;;;;;;;;;;
18/7/2025;1;Colchón;Limpieza;Suavitel;24;24;;;;;;;;;;;;;;;
18/7/2025;7;Inmueble;Limpieza;Lustra Muebles Aerosol;9.5;66.5;;;;;;;;;;;;;;;
18/7/2025;1;Baños;Limpieza;Quitasarro galon;8;8;;;;;;;;;;;;;;;
18/7/2025;2;Cocina;Limpieza;galon de quitagrasa;12;24;;;;;;;;;;;;;;;
18/7/2025;1;Ventanas;Limpieza;Limpia vidrio galon;12;12;;;;;;;;;;;;;;;
18/7/2025;2;Cocina;Limpieza;Cif crema;12;24;;;;;;;;;;;;;;;
18/7/2025;2;Inmueble;Limpieza;Galon aroma;10;20;;;;;;;;;;;;;;;
18/7/2025;1;Inmueble;Limpieza;Detergente 4 kilo;23;23;;;;;;;;;;;;;;;
18/7/2025;1;Cocina;Limpieza;Esponja Carmelita plancha;18;18;;;;;;;;;;;;;;;
18/7/2025;1;Inmueble;Limpieza;Trapeador microfibra;38;38;;;;;;;;;;;;;;;
18/7/2025;1;Inmueble;Limpieza;Trapo chico microfibra docena;20;20;;;;;;;;;;;;;;;
17/7/2025;10;Pisos;Limpieza;Mini pads;4;40;;;;;;;;;;;;;;;
17/7/2025;6;Pisos;Limpieza;Pads grandes;30;180;;;;;;;;;;;;;;;
17/7/2025;1;Asesoria;Abogados;Abogada Jenireth Cristina;145;145;;;;;;;;;;;;;;;
17/7/2025;1;Clases;Clases;Profesor Omar;120;120;;;;;;;;;;;;;;;
17/7/2025;1;Clases;Clases;Profesor Martin;225;225;;;;;;;;;;;;;;;
17/7/2025;1;Clases;Clases;Profesor Miguel Pareja;306.25;306.25;;;;;;;;;;;;;;;
17/7/2025;2;Clases;Clases;Profesor Jackson Rojo;307.25;614.5;;;;;;;;;;;;;;;
22/7/2025;1;Pisos;Limpieza;Penalidad Taxi;10;10;;;;;;;;;;;;;;;
22/7/2025;1;Pisos;Limpieza;Pastillas Luis;7;7;;;;;;;;;;;;;;;
24/7/2025;1;Asesoria;Abogados;Abogado Navid;900;900;;;;;;;;;;;;;;;
25/7/2025;1;Personal Ventas;Empresa;Adelando Daniela;100;100;;;;;;;;;;;;;;;
25/7/2025;1;Pisos;Limpieza;Chema Remover;33;33;;;;;;;;;;;;;;;
26/7/2025;1;Empresa;Empresa;Pollo Compartir;83.9;83.9;;;;;;;;;;;;;;;
26/7/2025;1;Alfombra;Limpieza;Maquina Aspiradora;939.9;939.9;;;;;;;;;;;;;;;
27/7/2025;1;Colchón;Limpieza;Shampoo;120;120;;;;;;;;;;;;;;;
27/7/2025;1;Alfombra;Limpieza;Taxi para materiales;38.8;38.8;;;;;;;;;;;;;;;
27/7/2025;1;Alfombra;Limpieza;Pico Pato;80;80;;;;;;;;;;;;;;;
30/7/2025;1;Clases;Clases;Profesor Wilmer;1120.2;1120.2;;;;;;;;;;;;;;;
30/7/2025;1;Clases;Clases;Profesor Luis Angel;131.25;131.25;;;;;;;;;;;;;;;
30/7/2025;1;Clases;Clases;Profesora Katherine;270;270;;;;;;;;;;;;;;;
30/7/2025;1;Clases;Clases;Profesora Lizbeth;187.5;187.5;;;;;;;;;;;;;;;
30/7/2025;1;Clases;Clases;Profesor Jorge Fernandez;1417.5;1417.5;;;;;;;;;;;;;;;
31/7/2025;1;Colchón;Limpieza;Google Ads;294.42;412.188;;;;;;;;;;;;;;;
31/7/2025;1;Mueble;Limpieza;Google Ads;279.025;390.635;;;;;;;;;;;;;;;
31/7/2025;1;Alfombra;Limpieza;Google Ads;279.025;390.635;;;;;;;;;;;;;;;
31/7/2025;1;Inmueble;Limpieza;Google Ads;1157.66;1620.724;;;;;;;;;;;;;;;
31/7/2025;1;Pisos;Limpieza;Google Ads;242.82;339.948;;;;;;;;;;;;;;;
31/7/2025;1;Baño;Limpieza;Google Ads;227.0133333;317.8186667;;;;;;;;;;;;;;;
31/7/2025;1;Cocina;Limpieza;Google Ads;227.0133333;317.8186667;;;;;;;;;;;;;;;
31/7/2025;1;Ventanas;Limpieza;Google Ads;227.0133333;317.8186667;;;;;;;;;;;;;;;
31/7/2025;1;Marketing;Marketing;Google Ads;345.8;484.12;;;;;;;;;;;;;;;
31/7/2025;1;Clases;Clases;Google Ads;1407.45;1970.43;;;;;;;;;;;;;;;
31/7/2025;1;Personal Limpieza;Limpieza;Pago Jesús;517.35;517.35;;;;;;;;;;;;;;;
31/7/2025;1;Personal Limpieza;Limpieza;Pago Luis Miguel;568.75;568.75;;;;;;;;;;;;;;;
31/7/2025;1;Personal Limpieza;Limpieza;Pago Gloria;440;440;;;;;;;;;;;;;;;
31/7/2025;1;Personal Limpieza;Limpieza;Pago Kaylor;685.06;685.06;;;;;;;;;;;;;;;
31/7/2025;1;Personal Marketing;Empresa;Pago Mario;1327.77;1327.77;;;;;;;;;;;;;;;
31/7/2025;1;Personal Marketing;Empresa;Pago Harumi;1731.52;1731.52;;;;;;;;;;;;;;;
31/7/2025;1;Personal Marketing;Empresa;Pago Saul;1121.52;1121.52;;;;;;;;;;;;;;;
31/7/2025;1;Personal Ventas;Empresa;Pago Navid;1459.74;1459.74;;;;;;;;;;;;;;;
31/7/2025;1;Personal Ventas;Empresa;Pago Daniela;1757.14;1757.14;;;;;;;;;;;;;;;
31/7/2025;1;Personal Ventas;Empresa;Pago Yahaira;824.164;824.164;;;;;;;;;;;;;;;
31/7/2025;1;Personal Ventas;Empresa;Pago Mauricio;566.29;566.29;;;;;;;;;;;;;;;
31/7/2025;1;Personal Ventas;Empresa;Pago Jose Palacio;759.8708333;759.8708333;;;;;;;;;;;;;;;
31/7/2025;1;Taxis;Limpieza;Taxis JULIO;2367.4;2367.4;;;;;;;;;;;;;;;
1/8/2025;2;Medicamento;Medicamento;blister de voriconazol;100;200;;;;;;;;;;;;;;;
1/8/2025;2;Medicamento;Medicamento;blister de voriconazol;100;200;;;;;;;;;;;;;;;
2/8/2025;1;Personal Limpieza;Limpieza;Pago Gabi;70;70;;;;;;;;;;;;;;;
2/8/2025;1;Personal Limpieza;Limpieza;Pago Jose;60;60;;;;;;;;;;;;;;;
2/8/2025;1;Asesoria;Abogados;Abogada Jenireth Cristina;145;145;;;;;;;;;;;;;;;
2/8/2025;1;Asesoria;Abogados;Abogado David Molina;55;55;;;;;;;;;;;;;;;
2/8/2025;1;Asesoria;Abogados;Abogado David Molina;195;195;;;;;;;;;;;;;;;
2/8/2025;1;Asesoria;Abogados;Abogado David Molina;265;265;;;;;;;;;;;;;;;
2/8/2025;1;Oficina;Empresa;Perforadores;13;13;;;;;;;;;;;;;;;
2/8/2025;1;Oficina;Empresa;Engrapadores;15;15;;;;;;;;;;;;;;;
2/8/2025;3;Oficina;Empresa;Lapiceros;1;3;;;;;;;;;;;;;;;
2/8/2025;1;Oficina;Empresa;Grapas;3;3;;;;;;;;;;;;;;;
2/8/2025;1;Oficina;Empresa;Resaltadores;2;2;;;;;;;;;;;;;;;
2/8/2025;1;Oficina;Empresa;Limpiatipos;3.5;3.5;;;;;;;;;;;;;;;
2/8/2025;1;Oficina;Empresa;Folder;15;15;;;;;;;;;;;;;;;
4/8/2025;1;Alfombra;Empresa;Bidón de shampoo;120;120;;;;;;;;;;;;;;;
4/8/2025;1;Asesoria;Abogados;Abogado David Molina;195;195;;;;;;;;;;;;;;;
5/8/2025;1;Asesoria;Abogados;Abogado David Molina;115;115;;;;;;;;;;;;;;;
5/8/2025;1;Medicamento;Medicamento;Voriconazol;100;100;;;;;;;;;;;;;;;
7/8/2025;1;Empresa;Empresa;Fotocheck;37;37;;;;;;;;;;;;;;;
7/8/2025;1;Personal Ventas;Empresa;Pago Mauricio;187.7;187.7;;;;;;;;;;;;;;;
7/8/2025;1;Medicamento;Medicamento;Ciclofosfamida 1g;120;120;;;;;;;;;;;;;;;
9/8/2025;1;Asesoria;Abogados;Abogado David Molina;95;95;;;;;;;;;;;;;;;
11/8/2025;1;Clases;Clases;Profesor Jorge Fernandez;1417.5;1417.5;;;;;;;;;;;;;;;
11/8/2025;1;Clases;Clases;Profesora Katherine;270;270;;;;;;;;;;;;;;;
11/8/2025;1;Clases;Clases;Profesor Miguel Pareja;75;75;;;;;;;;;;;;;;;
11/8/2025;1;Medicamento;Medicamento;Lenalidomida;3000;3000;;;;;;;;;;;;;;;
13/8/2025;1;Pisos;Limpieza;Masking TA;12.9;12.9;;;;;;;;;;;;;;;
13/8/2025;1;Oficina;Limpieza;Sellador L;37.9;37.9;;;;;;;;;;;;;;;
13/8/2025;1;Pisos;Limpieza;Huincha;39.9;39.9;;;;;;;;;;;;;;;
13/8/2025;2;Pisos;Limpieza;Chema Remover;22.9;45.8;;;;;;;;;;;;;;;
13/8/2025;2;Empresa;Limpieza;Molsa tshi;0.2;0.4;;;;;;;;;;;;;;;
14/8/2025;7;Pisos;Limpieza;Chema Remover;22.9;160.3;;;;;;;;;;;;;;;
14/8/2025;1;Empresa;Limpieza;Pantalón;39.9;39.9;;;;;;;;;;;;;;;
14/8/2025;2;Empresa;Limpieza;Pantalón;39.9;79.8;;;;;;;;;;;;;;;
14/8/2025;1;Empresa;Limpieza;Molsa reutilizable;4.9;4.9;;;;;;;;;;;;;;;
15/8/2025;1;Inmueble;Limpieza;Almuerzo Operarios;27;27;;;;;;;;;;;;;;;
15/8/2025;6;Alfombra;Limpieza;Rociador;3.5;21;;;;;;;;;;;;;;;
15/8/2025;1;Alfombra;Limpieza;Cordel;2;2;;;;;;;;;;;;;;;
15/8/2025;1;Oficina;Limpieza;Taper;1.5;1.5;;;;;;;;;;;;;;;
15/8/2025;1;Taxis;Limpieza;Pasaje de compras;9.3;9.3;;;;;;;;;;;;;;;
15/8/2025;1;Empresa;Empresa;Comida Oficina;23.9;23.9;;;;;;;;;;;;;;;
15/8/2025;1;Empresa;Empresa;Sueldo Marco;10000;10000;;;;;;;;;;;;;;;
15/8/2025;1;Clases;Clases;Idroo;40;40;;;;;;;;;;;;;;;
15/8/2025;1;Empresa;Empresa;Indeed;650;650;;;;;;;;;;;;;;;
15/8/2025;2;Diseño;Empresa;Adobe;146;292;;;;;;;;;;;;;;;
15/8/2025;1;Empresa;Empresa;Test Gorilla;430;430;;;;;;;;;;;;;;;
15/8/2025;1;IA;Empresa;Chat Gtp;80;80;;;;;;;;;;;;;;;
15/8/2025;2;IA;Empresa;Gemini;74;148;;;;;;;;;;;;;;;
15/8/2025;1;IA;Empresa;Claude;80;80;;;;;;;;;;;;;;;
15/8/2025;6;Beneficios Sociales;Empresa;Pago AFP (incluye Essalud);128.48;770.88;;;;;;;;;;;;;;;
15/8/2025;1;Diseño;Empresa;Ideogram;80;80;;;;;;;;;;;;;;;
15/8/2025;1;Hosting;Empresa;Banahosting - Hosting;300;300;;;;;;;;;;;;;;;
15/8/2025;1;Hosting;Empresa;Namecheap - Hosting;300;300;;;;;;;;;;;;;;;
15/8/2025;1;Hosting;Empresa;Sered - Hosting;100;100;;;;;;;;;;;;;;;
15/8/2025;1;Hosting;Empresa;Nicalia - Hosting;160;160;;;;;;;;;;;;;;;
15/8/2025;1;Hosting;Empresa;Imunify - Antivirus para Hosting;100;100;;;;;;;;;;;;;;;
15/8/2025;1;Medicamento;Medicamento;Voriconazol;100;100;;;;;;;;;;;;;;;
15/8/2025;1;Personal Limpieza;Limpieza;Pago Jesús;775;775;;;;;;;;;;;;;;;
15/8/2025;1;Personal Limpieza;Limpieza;Pago Luis Miguel;625;625;;;;;;;;;;;;;;;
15/8/2025;1;Personal Limpieza;Limpieza;Pago Gloria;600;600;;;;;;;;;;;;;;;
15/8/2025;1;Personal Limpieza;Limpieza;Pago Kaylor;565;565;;;;;;;;;;;;;;;
16/8/2025;1;Oficina;Limpieza;Materiales de oficinas;15.03;15.03;;;;;;;;;;;;;;;
16/8/2025;2;Alfombra;Limpieza;Guantes;9;18;;;;;;;;;;;;;;;
16/8/2025;3;Inmueble;Limpieza;Frasco Doypac;15;45;;;;;;;;;;;;;;;
16/8/2025;20;Pisos;Limpieza;Trapeador microfibra;3.33;66.6;;;;;;;;;;;;;;;
16/8/2025;20;Pisos;Limpieza;Paños;1.667;33.34;;;;;;;;;;;;;;;
16/8/2025;1;Oficina;Limpieza;Jabón;1.5;1.5;;;;;;;;;;;;;;;
16/8/2025;1;Baño;Limpieza;Esponja Carmelita plancha;16;16;;;;;;;;;;;;;;;
17/8/2025;4;Empresa;Empresa;Polos Operarios;23;92;;;;;;;;;;;;;;;
18/8/2025;1;Empresa;Empresa;Carnet;5;5;;;;;;;;;;;;;;;
18/8/2025;1;Personal Limpieza;Limpieza;Pago Yessenia;60;60;;;;;;;;;;;;;;;
18/8/2025;1;Personal Limpieza;Limpieza;Pago Yessenia;60;60;;;;;;;;;;;;;;;
18/8/2025;1;Empresa;Empresa;Tabla;8.5;8.5;;;;;;;;;;;;;;;
19/8/2025;1;Empresa;Empresa;Torta Yahaira;79.2;79.2;;;;;;;;;;;;;;;
19/8/2025;1;Empresa;Empresa;Bocaditos;39.4;39.4;;;;;;;;;;;;;;;
21/8/2025;3;Inmueble;Limpieza;Paño Chico;20;60;;;;;;;;;;;;;;;
21/8/2025;2;Pisos;Limpieza;Trapo grande;40;80;;;;;;;;;;;;;;;
21/8/2025;1;Inmueble;Limpieza;Aroma caja;62;62;;;;;;;;;;;;;;;
21/8/2025;6;Cocina;Limpieza;CI CIF;10;60;;;;;;;;;;;;;;;
21/8/2025;2;Inmueble;Limpieza;Ambientador;10.5;21;;;;;;;;;;;;;;;
21/8/2025;1;Colchón;Limpieza;Suavitel;25;25;;;;;;;;;;;;;;;
21/8/2025;6;Inmueble;Limpieza;Antihongos sapolio;11;66;;;;;;;;;;;;;;;
21/8/2025;1;Mueble;Limpieza;Guantes;25;25;;;;;;;;;;;;;;;
21/8/2025;1;Inmueble;Limpieza;Mascarilla de plastico;5;5;;;;;;;;;;;;;;;
21/8/2025;1;Baño;Limpieza;Quitasarro galon;9;9;;;;;;;;;;;;;;;
21/8/2025;1;Oficina;Empresa;Posa Mouse;6;6;;;;;;;;;;;;;;;
21/8/2025;5;Oficina;Empresa;Posa Mouse;2;10;;;;;;;;;;;;;;;
21/8/2025;1;Clases;Clases;Profesor Sebastían;60;60;;;;;;;;;;;;;;;
21/8/2025;1;Oficina;Empresa;Pago Jose Urbina;60;60;;;;;;;;;;;;;;;
22/8/2025;1;Asesoria;Empresa;Psicologa Ysabel;75;75;;;;;;;;;;;;;;;
22/8/2025;10;Pisos;Limpieza;Mini pads;4;40;;;;;;;;;;;;;;;
22/8/2025;2;Pisos;Limpieza;Pads grandes;30;60;;;;;;;;;;;;;;;
22/8/2025;1;Pisos;Limpieza;Pads grandes;31;31;;;;;;;;;;;;;;;
22/8/2025;1;Personal Limpieza;Limpieza;Pads grandes;30;30;;;;;;;;;;;;;;;
22/8/2025;1;Asesoria;Psicologo;Pago Psicologa;75;75;;;;;;;;;;;;;;;
22/8/2025;1;Empresa;Limpieza;Gaseosa Operarios;75;75;;;;;;;;;;;;;;;
25/8/2025;1;Clases;Clases;Profesor Sebastían;690;690;;;;;;;;;;;;;;;
25/8/2025;1;Clases;Clases;Profesor Jorge Fernandez;1170;1170;;;;;;;;;;;;;;;
25/8/2025;1;Empresa;Marketing;Pan con chicharrón para video;80;80;;;;;;;;;;;;;;;
25/8/2025;1;Empresa;Marketing;Tabla de escribir;8.5;8.5;;;;;;;;;;;;;;;
27/8/2025;1;Inmueble;Limpieza;Pago Jose Urbina;60;60;;;;;;;;;;;;;;;
27/8/2025;1;Inmueble;Limpieza;Pago Jose Carlos;75;75;;;;;;;;;;;;;;;
27/8/2025;1;Inmueble;Limpieza;Pago Luis Enrique;60;60;;;;;;;;;;;;;;;
27/8/2025;1;Inmueble;Limpieza;Gaseosas y queques Operarios;45;45;;;;;;;;;;;;;;;
28/8/2025;1;Asesoria;Psicologo;Pago Psicologa;140;140;;;;;;;;;;;;;;;
28/8/2025;1;Medicamento;Medicamento;;170;170;;;;;;;;;;;;;;;
28/8/2025;1;Empresa;Empresa;Comida para ventas;51;51;;;;;;;;;;;;;;;
29/8/2025;1;Taxis;Limpieza;Taxis AGOSTO;#REF!;#REF!;;;;;;;;;;;;;;;
29/8/2025;1;Personal Limpieza;Limpieza;Pago Jesús;623.92;623.92;;;;;;;;;;;;;;;
29/8/2025;1;Personal Limpieza;Limpieza;Pago Luis Miguel;491.31;491.31;;;;;;;;;;;;;;;
29/8/2025;1;Personal Limpieza;Limpieza;Pago Gloria;582.5;582.5;;;;;;;;;;;;;;;
29/8/2025;1;Personal Limpieza;Limpieza;Pago Kaylor;541.46;541.46;;;;;;;;;;;;;;;
29/8/2025;1;Personal Marketing;Empresa;Pago Mario;1290.27;1290.27;;;;;;;;;;;;;;;
29/8/2025;1;Personal Marketing;Empresa;Pago Harumi;1694.02;1694.02;;;;;;;;;;;;;;;
29/8/2025;1;Personal Marketing;Empresa;Pago Saul;1103.29;1103.29;;;;;;;;;;;;;;;
29/8/2025;1;Personal Ventas;Empresa;Pago Xiomara;1115.44;1115.44;;;;;;;;;;;;;;;
29/8/2025;1;Personal Ventas;Empresa;Pago Daniela;1900.4;1900.4;;;;;;;;;;;;;;;
29/8/2025;1;Personal Ventas;Empresa;Pago Yahaira;1758.23;1758.23;;;;;;;;;;;;;;;
29/8/2025;1;Personal Ventas;Empresa;Pago Jose Palacio;2236.38;2236.38;;;;;;;;;;;;;;;
29/8/2025;1;Empresa;Empresa;Cumpleaños Gloria;87.44;87.44;;;;;;;;;;;;;;;
29/8/2025;1;Inmueble;Limpieza;Pago Luis Enrique;60;60;;;;;;;;;;;;;;;
31/8/2025;1;Colchón;Limpieza;Google Ads Limpieza;233.22;326.508;;;;;;;;;;;;;;;
31/8/2025;1;Mueble;Limpieza;Google Ads Limpieza;116.61;163.254;;;;;;;;;;;;;;;
31/8/2025;1;Alfombra;Limpieza;Google Ads Limpieza;116.61;163.254;;;;;;;;;;;;;;;
31/8/2025;1;Inmueble;Limpieza;Google Ads Limpieza;1299.75;1819.65;;;;;;;;;;;;;;;
31/8/2025;1;Pisos;Limpieza;Google Ads Limpieza;180.41;252.574;;;;;;;;;;;;;;;
31/8/2025;1;Baño;Limpieza;Google Ads Limpieza;193.71;271.194;;;;;;;;;;;;;;;
31/8/2025;1;Cocina;Limpieza;Google Ads Limpieza;193.71;271.194;;;;;;;;;;;;;;;
31/8/2025;1;Ventanas;Limpieza;Google Ads Limpieza;193.71;271.194;;;;;;;;;;;;;;;
31/8/2025;1;Marketing;Marketing;Google Ads Marketing;366.61;513.254;;;;;;;;;;;;;;;
31/8/2025;1;Clases;Clases;Google Ads Clases;1150.32;1610.448;;;;;;;;;;;;;;;
1/9/2025;1;Empresa;Empresa;Pizza para reconocimiento de ventas;39.8;39.8;;;;;;;;;;;;;;;
1/9/2025;1;Inmueble;Limpieza;Taxis para compras Limpieza;14.3;14.3;;;;;;;;;;;;;;;
2/9/2025;1;Inmueble;Limpieza;Frugo para operarios;6.5;6.5;;;;;;;;;;;;;;;
3/9/2025;25;Pisos;Limpieza;Frugo para operarios;20;500;;;;;;;;;;;;;;;
3/9/2025;1;Pisos;Limpieza;Pago a Jhony;210;210;;;;;;;;;;;;;;;
5/9/2025;1;Mueble;Limpieza;Pago a Jhony;750;750;;;;;;;;;;;;;;;
3/9/2025;1;Pisos;Limpieza;Gaseosa;9.1;9.1;;;;;;;;;;;;;;;
3/9/2025;3;Pisos;Limpieza;Borquitmc1.8;11.5;34.5;;;;;;;;;;;;;;;
3/9/2025;2;Pisos;Limpieza;Borquitmc930;6.5;13;;;;;;;;;;;;;;;
3/9/2025;1;Pisos;Limpieza;Taxi para insumos;60.9;60.9;;;;;;;;;;;;;;;
4/9/2025;2;Mueble;Limpieza;Lejia;10;20;;;;;;;;;;;;;;;
4/9/2025;4;Mueble;Limpieza;Lejia color;17;68;;;;;;;;;;;;;;;
4/9/2025;3;Mueble;Limpieza;Suavitel;25;75;;;;;;;;;;;;;;;
4/9/2025;1;Mueble;Limpieza;Guantes;14;14;;;;;;;;;;;;;;;
4/9/2025;1;Mueble;Limpieza;Guantes;25;25;;;;;;;;;;;;;;;
4/9/2025;1;Mueble;Limpieza;Balde ;7;7;;;;;;;;;;;;;;;
4/9/2025;5;Mueble;Limpieza;Premio Spray;10;50;;;;;;;;;;;;;;;
4/9/2025;2;Mueble;Limpieza;Premio Crema;11;22;;;;;;;;;;;;;;;
4/9/2025;1;Mueble;Limpieza;Pino Galón;17;17;;;;;;;;;;;;;;;
4/9/2025;1;Taxis;Limpieza;Taxi;9.9;9.9;;;;;;;;;;;;;;;
5/9/2025;1;Mueble;Limpieza;Pago a Jhony;750;750;;;;;;;;;;;;;;;
5/9/2025;1;Mueble;Limpieza;Pago a Jhony;350;350;;;;;;;;;;;;;;;
7/9/2025;1;Pisos;Limpieza;Pago a Jhony;240;240;;;;;;;;;;;;;;;
7/9/2025;2;Pisos;Limpieza;Balde ;16;32;;;;;;;;;;;;;;;
7/9/2025;1;Pisos;Limpieza;Jalador;10;10;;;;;;;;;;;;;;;
7/9/2025;1;Taxis;Limpieza;Taxi;10;10;;;;;;;;;;;;;;;
8/9/2025;3;Empresa;Empresa;Plumones;3;9;;;;;;;;;;;;;;;
8/9/2025;1;Empresa;Empresa;Plumones;6;6;;;;;;;;;;;;;;;
8/9/2025;1;Empresa;Empresa;Fotocheck;6;6;;;;;;;;;;;;;;;
8/9/2025;8;Taxis;Limpieza;Tekno Renov Cera 4l;72.5;580;;;;;;;;;;;;;;;
8/9/2025;10;Taxis;Limpieza;Remov Piso;29.9;299;;;;;;;;;;;;;;;
8/9/2025;1;Taxis;Limpieza;Pantalón;39.9;39.9;;;;;;;;;;;;;;;
8/9/2025;1;Taxis;Limpieza;Polo Manga;13.9;13.9;;;;;;;;;;;;;;;
8/9/2025;1;Empresa;Limpieza;Comida para ventas;13.9;13.9;;;;;;;;;;;;;;;
9/9/2025;8;Taxis;Limpieza;Tekno Renov Cera 4l;72.5;580;;;;;;;;;;;;;;;
9/9/2025;13;Taxis;Limpieza;Binner;31.5;409.5;;;;;;;;;;;;;;;
9/9/2025;3;Taxis;Limpieza;Esponja;12;36;;;;;;;;;;;;;;;
9/9/2025;1;Taxis;Limpieza;Taxi;15.8;15.8;;;;;;;;;;;;;;;
9/9/2025;4;Taxis;Limpieza;Lapiceros;1;4;;;;;;;;;;;;;;;
9/9/2025;9;Taxis;Limpieza;Binner;31.61111111;284.5;;;;;;;;;;;;;;;
9/9/2025;1;Medicamento;Medicamento;Voriconazol;100;100;;;;;;;;;;;;;;;
10/9/2025;1;Medicamento;Medicamento;Binner;31.5;31.5;;;;;;;;;;;;;;;
10/9/2025;1;Medicamento;Medicamento;Binner;29.9;29.9;;;;;;;;;;;;;;;
10/9/2025;1;Reparaciones;Empresa;Reparación de Laptop;60;60;;;;;;;;;;;;;;;
;;;;;;;;;;;;;;;;;;;;;
;;;;;;;;;;;;;;;;;;;;;
;;;;;;;;;;;;;;;;;;;;;
;;;;;;;;;;;;;;;;;;;;;
;;;;;;;;;;;;;;;;;;;;;
;;;;;;;;;;;;;;;;;;;;;
;;;;;;;;;;;;;;;;;;;;;
;;;;;;;;;;;;;;;;;;;;;
;;;;;;;;;;;;;;;;;;;;;
;;;;;;;;;;;;;;;;;;;;;
;;;;;;;;;;;;;;;;;;;;;
;;;;;;;;;;;;;;;;;;;;;
;;;;;;;;;;;;;;;;;;;;;
;;;;;;;;;;;;;;;;;;;;;
;;;;;;;;;;;;;;;;;;;;;
;;;;;;;;;;;;;;;;;;;;;
;;;;;;;;;;;;;;;;;;;;;
;;;;;;;;;;;;;;;;;;;;;
;;;;;;;;;;;;;;;;;;;;;
;;;;;;;;;;;;;;;;;;;;;
;;;;;;;;;;;;;;;;;;;;;
;;;;;;;;;;;;;;;;;;;;;
;;;;;;;;;;;;;;;;;;;;;
;;;;;;;;;;;;;;;;;;;;;
;;;;;;;;;;;;;;;;;;;;;
;;;;;;;;;;;;;;;;;;;;;
;;;;;;;;;;;;;;;;;;;;;
;;;;;;;;;;;;;;;;;;;;;
;;;;;;;;;;;;;;;;;;;;;
;;;;;;;;;;;;;;;;;;;;;
;;;;;;;;;;;;;;;;;;;;;
;;;;;;;;;;;;;;;;;;;;;
;;;;;;;;;;;;;;;;;;;;;
;;;;;;;;;;;;;;;;;;;;;
;;;;;;;;;;;;;;;;;;;;;
;;;;;;;;;;;;;;;;;;;;;
;;;;;;;;;;;;;;;;;;;;;
;;;;;;;;;;;;;;;;;;;;;
;;;;;;;;;;;;;;;;;;;;;
;;;;;;;;;;;;;;;;;;;;;
;;;;;;;;;;;;;;;;;;;;;
;;;;;;;;;;;;;;;;;;;;;
;;;;;;;;;;;;;;;;;;;;;
;;;;;;;;;;;;;;;;;;;;;
;;;;;;;;;;;;;;;;;;;;;
;;;;;;;;;;;;;;;;;;;;;
;;;;;;;;;;;;;;;;;;;;;
;;;;;;;;;;;;;;;;;;;;;
;;;;;;;;;;;;;;;;;;;;;
;;;;;;;;;;;;;;;;;;;;;
;;;;;;;;;;;;;;;;;;;;;
;;;;;;;;;;;;;;;;;;;;;
;;;;;;;;;;;;;;;;;;;;;
;;;;;;;;;;;;;;;;;;;;;
;;;;;;;;;;;;;;;;;;;;;
;;;;;;;;;;;;;;;;;;;;;
;;;;;;;;;;;;;;;;;;;;;
;;;;;;;;;;;;;;;;;;;;;
;;;;;;;;;;;;;;;;;;;;;
;;;;;;;;;;;;;;;;;;;;;
;;;;;;;;;;;;;;;;;;;;;
;;;;;;;;;;;;;;;;;;;;;
;;;;;;;;;;;;;;;;;;;;;
;;;;;;;;;;;;;;;;;;;;;
;;;;;;;;;;;;;;;;;;;;;
;;;;;;;;;;;;;;;;;;;;;
;;;;;;;;;;;;;;;;;;;;;
;;;;;;;;;;;;;;;;;;;;;
;;;;;;;;;;;;;;;;;;;;;
;;;;;;;;;;;;;;;;;;;;;
;;;;;;;;;;;;;;;;;;;;;
;;;;;;;;;;;;;;;;;;;;;
;;;;;;;;;;;;;;;;;;;;;
;;;;;;;;;;;;;;;;;;;;;
;;;;;;;;;;;;;;;;;;;;;
;;;;;;;;;;;;;;;;;;;;;
;;;;;;;;;;;;;;;;;;;;;
;;;;;;;;;;;;;;;;;;;;;
;;;;;;;;;;;;;;;;;;;;;
;;;;;;;;;;;;;;;;;;;;;
;;;;;;;;;;;;;;;;;;;;;
;;;;;;;;;;;;;;;;;;;;;
;;;;;;;;;;;;;;;;;;;;;
;;;;;;;;;;;;;;;;;;;;;
;;;;;;;;;;;;;;;;;;;;;
;;;;;;;;;;;;;;;;;;;;;
;;;;;;;;;;;;;;;;;;;;;
;;;;;;;;;;;;;;;;;;;;;
;;;;;;;;;;;;;;;;;;;;;
;;;;;;;;;;;;;;;;;;;;;
;;;;;;;;;;;;;;;;;;;;;
;;;;;;;;;;;;;;;;;;;;;
;;;;;;;;;;;;;;;;;;;;;
;;;;;;;;;;;;;;;;;;;;;
;;;;;;;;;;;;;;;;;;;;;
;;;;;;;;;;;;;;;;;;;;;
;;;;;;;;;;;;;;;;;;;;;
;;;;;;;;;;;;;;;;;;;;;
;;;;;;;;;;;;;;;;;;;;;
;;;;;;;;;;;;;;;;;;;;;
;;;;;;;;;;;;;;;;;;;;;
