MEDIO DE CONTACTO,TIPO DE SERVICIO Especifico,TIPO DE SERVICIO General,SERVICIO,UBICACIÓN,ANTICIPO,RESTANTE,TOTAL,VENDEDOR
Pagina Web,Inmueble,Limpieza,limpieza de moho ,,195,,390,Yetsica
Pagina Web,Inmueble,Limpieza,DOMÉSTICA,,devolucion,,,GRECIA
Pagina Web,Inmueble,Limpieza,LIMPIEZA 198M2,,1043,,1490,Yetsica
Pagina Web,Clase modelo,Clases,CLASE,,300,,300,GRECIA
Pagina Web,,Abogados,CONSULTA,,390,,390,GRECIA
Pagina Web,Inmueble,Limpieza,Domestica 5 horas ,,100,,190,Yetsica
Pagina Web,Mueble,Limpieza,lavado de mueble ,,149,,299,fabiola
Pagina Web,Marketing,Marketing,Carta + menu,,175,,350,Cliente
Pagina Web,Clase modelo,Clases,clase,,150,,150,fabiola
-,Paquete de clases,Clases,Paquete 10,,829,,829,fabiola
Pagina Web,Clase modelo,Clases,CLASE ,,130,,130,GRECIA
,,Medicamento,VORICONAZOL,,980,,980,Cliente
Pagina Web,Colchón,Limpieza,COLCHONES,,300,,499,fabiola
Pagina Web,Pisos,Limpieza,visita,,80,,80,fabiola
Pagina Web,Pisos,Abogados,consulta,,390,,390,fabiola
,Pisos,Limpieza,visita piso,,170,,170,Cliente
Pagina Web,Inmueble,Limpieza,limpieza fina,,400,,400,Yetsica
Pagina Web,Colchón,Limpieza,COLCHON,,109.5,,219.5,FABIOLA
Llamada,,Abogados,CONSULTA,,250,,250,FABIOLA
Pagina Web,Inmueble,Limpieza,limpieza de moho ,,145,,290,FABIOLA
Llamada,Colchón,Limpieza,clochón,,84.5,,169,FABIOLA
Pagina Web,Inmueble,Limpieza,visita,,85,,85,FABIOLA
Pagina Web,Clase modelo,Clases,Clase,,100,,100,FABIOLA
Pagina Web,Inmueble,Limpieza,visita,,85,,85,Yetsica
Llamada,Baño,Limpieza,limpieza baño,,110.5,,219,marco
,Pisos,Limpieza,Limpieza de piso,,2100,,2990,Yetsica
Pagina Web,Inmueble,Limpieza,visita de casa ,,50,,50,Yetsica
Pagina Web,Paquete de clases,Clases,PAQUETE DE 10 HORAS,,629,,629,
Pagina Web,,Abogados,Consulta 390,,390,,390,
,Inmueble,Limpieza,Domestica 5 horas ,,75,,150,Cliente
,Pisos,Limpieza,LIMPIEZA DE 17M2 PARQUET,,700,,1500,
Pagina Web,,Marketing,logo,,175,,350,marco
Pagina Web,Colchón,Limpieza,LIMPIEZA COLCHON,,100,,200,Yetsica
Llamada,Pisos,Limpieza,visita de piso,,80,,80,Yetsica
Pagina Web,Pisos,Limpieza,visita pis,,50,,50,ariana
Llamada,Pisos,Limpieza,visita piso,,80,,,renato
,Mueble,Limpieza,Limpieza de mueble ,,144.5,,289,Cliente
Pagina Web,Colchón,Limpieza,limpieza al vapor,,150,,300,Yetsica
Pagina Web,Colchón,Limpieza,limpieza agresiva ,,90,,179,Yetsica
Pagina Web,Inmueble,Limpieza,VISITA ,,80,,80,Yetsica
Pagina Web,Inmueble,Limpieza,limpieza,,250,,499,Yetsica
Pagina Web,Inmueble,Limpieza,Domestica 5 horas ,,145,,145,Yetsica
Pagina Web,Inmueble,Limpieza,limpieza ,,195,,390,Yetsica
Pagina Web,Paquete de clases,Clases,paquete de 16 horas ,,343.2,,686.4,Yetsica
Pagina Web,,Medicamento,ondesatron,,19,,19,marco
Pagina Web,,Marketing,logo basico,,150,,150,marco
Pagina Web,Paquete de clases,Clases,paquete 10 horas,,629,,629,marco
Pagina Web,Clase modelo,Clases,clase,,190,,190,marco
Pagina Web,Clase modelo,Clases,Clase,,220,,220,Cliente
Pagina Web,Inmueble,Limpieza,LIMPIEZA MOHO,,195,,390,Yetsica
,Inmueble,Limpieza,Domestica 5 horas ,,75,,,Cliente
Pagina Web,Pisos,Limpieza,VISITA DE PISO ,,80,,80,Yetsica
,Paquete de clases,Clases,paquete 30 horas 597$,,1905.05,,2089.5,Cliente
Pagina Web,Mueble,Limpieza,limpieza mueble,,146.91,,249,Yetsica
Pagina Web,Inmueble,Limpieza,visita,,80,,80,Yetsica
Pagina Web,Clase modelo,Clases,clase local,,150,,150,marco
Pagina Web,Inmueble,Limpieza,VISITA,,80,,80,Yetsica
,Clase modelo,Clases,2 clases presenciales. ,,300,,300,Cliente
Llamada,Inmueble,Limpieza,limpieza profunda,,1000,,1990,Yetsica
Llamada,Colchón,Limpieza,lavado al vapor,,100,,199,Yetsica
Llamada,,Medicamento,capecitabina ,,300,,300,Yetsica
Pagina Web,Clase modelo,Clases,Clase,,110,,110,cliente 
Pagina Web,Inmueble,Limpieza,visita,,80,,80,Yetsica
Pagina Web,Paquete de clases,Clases,PAQUETE DE 10 HORAS ,,729,,729,Yetsica
Pagina Web,Clase modelo,Clases,2 horas 85 s,,170,,170,Yetsica
,Paquete de clases,Clases,paquete,,1000,,2.037,Marco
Pagina Web,Paquete de clases,Clases,paquete de 10 hora  217$,,760,,760,Marco
Pagina Web,Pisos,Limpieza,viista de piso,,80,,80,yetsica
Pagina Web,Mueble,Limpieza,limpieza DELICADO de mueble ,,150,,299,yetsica
Pagina Web,Mueble,Limpieza,LIMPIEZA AL VAPOR MUEBLE L ,,129.5,,269,YETSICA 
,Paquete de clases,Clases,paquete de 30 horas,,2607,,2607,Marco
Pagina Web,Mueble,Limpieza,Limpieza de mueble ,,120,,230,Yetsica
,,Limpieza,,,80,,80,Cliente
,Clase modelo,Clases,2 horas clase,,110,,110,Cliente
Pagina Web,Clase modelo,Clases,2 horas clases presencial,,130,,130,Marco
Pagina Web,Paquete de clases,Clases,paquete de 10 horas ,,449,,449,Marco
Pagina Web,Mueble,Limpieza,limpieza profunda,,1350,,2690,Yetsica
Pagina Web,Clase modelo,Clases,2 horas de 55s,,110,,110,Yetsica
Pagina Web,Colchón,Limpieza,LIMPIEza  AL VAPOR,,170,,339,Yetsica
Pagina Web,,Marketing,logo avanzado,,390,,390,Marco
Pagina Web,,Marketing,logo basico,,99,,99,Marco
Pagina Web,,Marketing,pagina web,,945,,1890,Marco
Pagina Web,,Marketing,logo avanzado,,150,,290,Marco
,Pisos,Limpieza,2 pisos 1990+ 1890 ,,2716,,3880,Cliente
Pagina Web,Inmueble,Limpieza,limpieza delicado ,,164.5,,329,Yetsica
,Clase modelo,Clases,2 horas clase,,110,,110,Cliente
Pagina Web,,Marketing,logo avanzado,,272.5,,545,Marco
Pagina Web,Inmueble,Limpieza,visita,,80,,80,Yetsica
Pagina Web,Inmueble,Limpieza,visita,,80,,80,Yetsica
Pagina Web,Inmueble,Limpieza,visita,,80,,80,
Pagina Web,Clase modelo,Clases,clase 65h,,130,,130,Yetsica
Pagina Web,Clase modelo,Clases,Clase,,110,,110,Cliente
Pagina Web,Colchón,Limpieza,LAVADO COLCHON,,219,,219,Yetsica
Pagina Web,Clase modelo,Clases,95 h,,190,,190,Marco
Pagina Web,Clase modelo,Clases,45 h,,90,,90,nuevo
Llamada,Inmueble,Limpieza,domestica ,,75,,150,Yetsica
Pagina Web,Pisos,Limpieza,visita ,,80,,80,Yetsica
Pagina Web,Clase modelo,Clases,25 $ 2  horas 50$ ,,175,,175,Yetsica
Pagina Web,Paquete de clases,Clases,paquete de 10 hora  217$,,760,,760,cliente
,Clase modelo,Clases,2 horas clase,,110,,110,Cliente
Pagina Web,,Marketing,logo,,145,,290,Marco
Pagina Web,,Marketing,logo,,145,,290,Marco
Pagina Web,Colchón,Limpieza,limpieza al vapor,,250,,499,Yetsica
,,Clases,2 horas clase,,110,,110,Cliente
Pagina Web,Ventana,Limpieza,limpieza ventanas,,195,,390,Yetsica
Pagina Web,Baño,Limpieza,limpieza inodoro,,99,,199,Yetsica
Llamada,Inmueble,Limpieza,Limpieza doméstica ,,75,,150,Navid
Llamada,Clase modelo,Clases,Clase 1hr,,-,,110,Marco
,,,,,,,145,Marco
,,,,,150,,150,Marco
,,,,,,,629,Marco
Llamada,Clase modelo,Clases,Clase 1hr,,-,,110,Marco
Llamada,Mueble,Limpieza,Lavado de muebles 3-2,,130,,260,Navid
Llamada,Inmueble,Limpieza,Limpieza industrial ,,500,,500,Navid
Llamada,,,,,,,2220.84,Marco
Llamada,Inmueble,Limpieza,Limpieza profunda ,,300,,600,Navid
Llamada,Inmueble,Limpieza,LIMPIEZA PROFUNDA,,126,,420,Navid
Pagina Web,,Clases,PAQUETE DE 1O HORAS,,729,,729,Yetsica
Llamada,Inmueble,Limpieza,Limpieza General profunda,,500,,1000,Olga
Llamada,Inmueble,Limpieza,Limpieza General profunda,,500,,1000,Navid
Llamada,Inmueble,Limpieza,Limpieza domestica ,,125,,250,Navid
Llamada,Inmueble,Limpieza,Limpieza doméstica ,,100,,200,Navid
Llamada,Inmueble,Limpieza,Limpieza Semi-industrial,,1000,,2000,Navid
,,,,,,,429,Marco
Pagina Web,Mueble,Limpieza,Limpieza de muebles ,,450,,990,Navid
Llamada,Mueble,Limpieza,Limpieza de muebles ,,140,,275,Navid
,,,,,,,190,Marco
Llamada,,Abogados,Asesoría legal ,,190,,190,Navid
Pagina Web,Colchón,Limpieza,Colchón,,88,,220,Jorge
Llamada,Inmueble,Limpieza,VISITA TECNICA ,,45,,45,Navid
Llamada,Inmueble,Limpieza,VISITA TECNICA ,,-,,30,Olga
Llamada,Inmueble,Limpieza,VISITA TECNICA ,,,,30,Olga
,,,,,,,190,Marco
Llamada,Inmueble,Limpieza,Limpieza profunda ,,283,,565,Navid
Llamada,,,Asesoría legal ,,390,,390,Navid
Llamada,Mueble,Limpieza,Limpieza de mueblese,,50,,235,Navid
Llamada,Inmueble,Limpieza,VISITA TECNICA ,,45,,45,Olga
,,,,,,,790,Marco
Pagina Web,Inmueble,Limpieza,VISITA TECNICA ,,50,,50,Navid
,,,,,,,110,Marco
Llamada,Pisos,Limpieza,limpieza de refrigeradora ,,100,,250,Olga
Llamada,Mueble,Limpieza,limpieza de muebles y colchon,,190,,378,Olga
Llamada,Inmueble,Limpieza,VISITA TECNICA ,,,,25,Olga
Llamada,,Abogados,COnsulta,,,,190,Marco
Llamada,,Abogados,COnsulta,,,,290,Marco
Llamada,Clase modelo,Clases,Clase,,,,100,Marco
,,,,,,,130,Marco
Llamada,Pisos,Limpieza,visita tecnica + limpieza de piso,,55,,705,Navid
Pagina Web,Mueble,Limpieza,Limpieza de muebles ,,107.6,,269,Navid
Llamada,Inmueble,Limpieza,Visita Técnica ,,,,35,Olga
Llamada,Cocina,Limpieza,limpieza cocina y refrigerador ,,174,,435,Navid
Llamada,Inmueble,Limpieza,Visita tecnica ,,,,50,Olga
,,,,,,,190,Marco
Pagina Web,Mueble,Limpieza,Limpieza de mueble ,,142.5,,285,Navid
Pagina Web,Colchón,Limpieza,Limpieza de colchon ,,98,,175,Navid
Llamada,Colchón,Limpieza,Limpieza colchón,,,,199,Diana
,,,,,,,130,Marco
Llamada,Clase modelo,Clases,Clase,,,,80,Marco
Llamada,Pisos,Limpieza,Piso madera + visita tecncia,,445,,990,Olga
Llamada,Inmueble,Limpieza,limpieza domestica ,,175,,350,Navid
Pagina Web,Mueble,Limpieza,limpieza de mueble ,,200,,200,Navid
Pagina Web,Inmueble,Limpieza,limpieza domestica ,,90,,180,Navid
Llamada,,,Asesoría de monografía,,,,291.97,Diana
Llamada,,,,,,,223.2,Marco
,Inmueble,Limpieza,Visita tecnica,,95,,95,Navid
Llamada,,Abogados,Asesoría legal ,,390,,390,Navid
Llamada,Colchón,Limpieza,limpieza de colchón ,,74,,185,Navid
Llamada,,Medicamento,Medicamentos,,,,5990,Marco
Llamada,,,Consulta,,-,,190,Marco
Llamada,Inmueble,Limpieza,Visita técnica,,,,60,Diana
Llamada,Inmueble,Limpieza,Limpieza doméstica,,,,120,Diana
,,,,,,,45,Marco
Pagina Web,Inmueble,Limpieza,visita ténica,,,,60,Olga
Pagina Web,Inmueble,Limpieza,Visita Técnica,,,,35,Olga
,,,,,,,80,Marco
Llamada,Clase modelo,Clases,Clases de matematica,,80,,80,Diana
Llamada,Inmueble,Limpieza,visita tecnica ,,50,,50,Diana
Pagina Web,Inmueble,Limpieza,visita técnica,,,,70.8,Olga
Llamada,Inmueble,Limpieza,visita y limpieza profunda ,,287.5,,287.5,Diana
Llamada,Colchón,Limpieza,limpieza de colchón ,,,,120,Diana
Llamada,Inmueble,Limpieza,Visita técnica,,,,60,Olga
Llamada,Paquete de clases,Clases,paquete de 10 horas ,,,,"1106,15",Diana
Llamada,Clase modelo,Clases,Hora pedagógica,,,,50,Diana
Llamada,,,Consulta,,,,625,Marco
,Clase modelo,Clases,Clase,,,,50,Marco
,,,,,,,110,Marco
Pagina Web,Inmueble,Limpieza,limpieza gen. profunda +mueble+alfombra,,450,,954,Olga
Llamada,Inmueble,Limpieza,Visita técnica,,,,80,Navid
Llamada,Pisos,Limpieza,Limpieza piso terrazo ,,986,,1181,Olga
,Clase modelo,Clases,Clase,,,,148.05,Marco
Pagina Web,Mueble,Limpieza,Limpieza de mueble ,,182,,182,Navid
Llamada,,,Asesoria legal,,190,,190,Navid
Pagina Web,Colchón,Limpieza,lavado colchon ,,129.5,,259,Olga
Llamada,Inmueble,Limpieza,visita tecnica,,,,45,Olga
Llamada,,Abogados,Consulta,,,,625,Marco
Llamada,Clase modelo,Clases,Hora pedagógica,,,,45,Olga
Llamada,Clase modelo,Clases,clase piloto ,,,,110,Olga
Pagina Web,Inmueble,Limpieza,limpieza general profunda,,282,,565,Olga
Llamada,Inmueble,Limpieza,visita tecncia ,,,,45,Olga
Pagina Web,Inmueble,Limpieza,Limpieza domestica ,,185,,185,Navid
Llamada,Inmueble,Limpieza,visita tecnica,,,,80,Olga
Pagina Web,Colchón,Limpieza,limpieza de colchon ,,124.5,,249,Navid
Pagina Web,Mueble,Limpieza,limpieza de mueble ,,149.5,,299,Navid
Pagina Web,Mueble,Limpieza,Limpieza de mueble,,115,,225,Navid
Llamada,Inmueble,Limpieza,limpieza domestica ,,75,,150,Navid
Llamada,,Marketing,Logos,,100,,199,Marco
Pagina Web,Inmueble,Limpieza,visita tecnica - + limpieza piso parquet y terrazo,,1165,,2265,Navid
Llamada,Inmueble,Limpieza,visita ,,50,,50,Navid
Llamada,Mueble,Limpieza,Limpieza de mueble ,,180,,355,Navid
Llamada,Mueble,Limpieza,Limpieza de mueble ,,105,,185,Navid
Pagina Web,Inmueble,Limpieza,Limpieza general profunda,,450,,945,Diana
Llamada,Inmueble,Limpieza,Limpieza al delicado,,415,,415,Diana
Llamada,,Limpieza,Devolución,,,,109,Marco
,,,,,,,95,Marco
Llamada,,Limpieza,Penalidad al Cliente,,,,120,Marco
,,,,,,,567.98,Marco
,,,,,,,120,Marco
Llamada,Inmueble,Limpieza,visita ténica,,,,45,Olga
Llamada,Inmueble,Limpieza,visita técnica,,,,45,Olga
Pagina Web,Inmueble,Limpieza,limpieza domestica ,,160,,315,Navid
Llamada,Clase modelo,Clases,clases 90 min,,,,160,Olga
Llamada,Clase modelo,Clases,Clase 180 min,,,,320,Marco
,,,,,,,220,Marco
Llamada,Colchón,Limpieza,limpieza colchon,,104.5,,209,Olga
,,,,,,,120,Marco
Pagina Web,Mueble,Limpieza,limpieza sillas,,90,,180,Olga
Pagina Web,Mueble,Limpieza,limpieza mueble,,99.5,,199,Olga
Llamada,Mueble,Limpieza,LGP depto y Al vapor muebles ,,500,,1000,Navid
Llamada,Inmueble,Limpieza,Visita técnica,,,,70,Diana
Llamada,,,Logo,,135,,135,Marco
,Clase modelo,Clases,Clase d,,,,232.7,Marco
Llamada,Colchón,Limpieza,limpieza colchon,,145,,270,Olga
Llamada,Pisos,Limpieza,limpieza piso madera ,,285,,285,Olga
,Clase modelo,Clases,Clase,,,,369,Marco
Llamada,Mueble,Limpieza,Limpieza de mueble,,85,,230,Navid
,Clase modelo,Clases,CLase,,,,60,Marco
,Clase modelo,Clases,Clase,,,,240,Marco
Llamada,,,Voriconazol 200 mg,,,,2360,Marco
Llamada,Inmueble,Limpieza,visita tecncia ,,,,45,Olga
Pagina Web,Inmueble,Limpieza,visita tecnica ,,80,,80,Olga
Llamada,Pisos,Limpieza,visita tecnica + piso laja,,643,,1205,Navid
Pagina Web,Inmueble,Limpieza,viisita tecnica,,,,50,Diana
Pagina Web,Inmueble,Limpieza,Limpieza al vapor ,,125,,250,Navid
Llamada,Ventana,Limpieza,limpieza de ventanas,,200,,400,Navid
Pagina Web,Colchón,Limpieza,limpieza al vapor,,297.5,,0,Navid
Llamada,Inmueble,Limpieza,limpieza profunda ,,729.5,,0,Navid
Pagina Web,Colchón,Limpieza,limpieza al vapor ,,200,,336.3,Navid
Llamada,Paquete de clases,Clases,Paquete de 10 horas,,520,209,729,Diana
,Clase modelo,Clases,Clase,,,,120,Marco
Pagina Web,Inmueble,Limpieza,limpieza al delicado ,,200,,435,Navid
Pagina Web,Inmueble,Limpieza,Limpieza al delicado ,,119.5,,239,Navid
Pagina Web,Inmueble,Limpieza,Visita técnica,,80,,80,Diana
Llamada,,Clases,clase piloto ,,190,,190,Diana
,,,,,,,199.87,Marco
Pagina Web,Inmueble,Limpieza,Visita técnica,,70,,70,Diana
Llamada,,,Clase,,,,130,Marco
Llamada,Clases,Clases,Clase piloto ,,30,,30,Diana
Llamada,Colchón,Limpieza,Limpieza al vapor,Surquillo,189,,189,Diana
Llamada,Pisos,Limpieza,piso terrazo ,,450,,900,Olga
Pagina Web,Pisos,Limpieza,visita técnica,Miraflores ,80,,80,Navid
Llamada,Clases,Clases,clase piloto ,,203.91,,203.91,Diana
Llamada,Clases,Clases,Paquete 10 horas,,399,,399,Diana
Llamada,Mueble,Limpieza,Lavado de mueble ,San Juan de Lurigancho,289,,289,Diana
Pagina Web,Colchón,Limpieza,limpieza al delicado,Punta Hermosa,207.1,,345,Navid
Llamada,Clases,Clases,Clase,,240,,240,Marco
,Clases,Clases,Clase Paquete 30 horas,,2107.41,,2107.41,Diana
Pagina Web,Medicamento,Medicamento,capecitabina + oxaliplatino,,1300,,1300,Navid
Llamada,Clases,Clases,Clase piloto ,,90,,90,Diana
Llamada,Pisos,Limpieza,Visita técnica,San Borja,35,,35,Diana
Llamada,Clases,Clases,clases ,,110,,110,Navid
Pagina Web,Colchón,Limpieza,Limpieza al delicado ,San Isidro,114.5,,114.5,Navid
Pagina Web,Pisos,Limpieza,Limpieza doméstica ,Comas ,75,,180,Diana
Pagina Web,Colchón,Limpieza,Limpieza al delicado ,Comas ,150,,300,Navid
Pagina Web,Medicamento,Medicamento,medicamento ,-,1180,,1180,Navid
Pagina Web,Clases,Clases,30 horas,,1053.7,,1053.7,Diana
Pagina Web,Clases,Clases,30 horas,,1053.7,,1053.7,Cliente
Pagina Web,Pisos,Limpieza,visita tecnica,Magdalena,80,,80,Navid
Pagina Web,Clases,Clases,30 horas ,,2037,,2037,Diana
Pagina Web,Pisos,Limpieza,visita tecnica,Miraflores,80,,80,Navid
Pagina Web,Pisos,Limpieza,visita tecnica,San Isidro,80,,80,Navid
Llamada,Pisos,Limpieza,Visita técnica ,Miraflores,80,,80,Diana
Pagina Web,Pisos,Limpieza,Limpieza profunda de piso +LGP 190m2,San Isidro,1000,,2000,Navid
Llamada,Colchón,Limpieza,Lavado al vapor,Los Olivos,115,114,229,Ever
Llamada,Colchón,Limpieza,Lavado al delicado,Breña,100,109,209,Ever
Pagina Web,Pisos,Limpieza,limpieza doméstica ,Barranco ,92.5,,180,Navid
Llamada,Colchón,Limpieza,Lavado al vapor,Surquillo,130,129,259,Ever
Pagina Web,Abogados,Abogados,asesoría legal ,-,350,,350,Navid
Pagina Web,Marketing,Marketing,Logo,,99,,99,Marco
Pagina Web,Colchón,Limpieza,Limpieza al vapor ,San Juan de Lurigancho,120,,270,Navid
Pagina Web,Colchón,Limpieza,limpieza al vapor ,Jesus Maria,282.5,,565,Navid
Llamada,Pisos,Limpieza,Limpieza profunda ,San isidro,447.5,,447.5,Diana
Pagina Web,Clases,Clases,Paquete 10 horas,,527.73,,527.73,Diana
Pagina Web,Clases,Clases,Paquete 10 horas,,527.73,,527.73,Cliente
Llamada,Clases,Clases,Paquete 30 horas,,1300,,1300,Diana
Llamada,Clases,Clases,Clase piloto ,,100,,100,Diana
Llamada,Pisos,Limpieza,Limpieza profunda ,San isidro,447.5,,447.5,Navid
Llamada,Clases,Clases,paquete de 10 hras ,-,350,,350,Navid
Llamada,Pisos,Limpieza,limpieza profunda ,Pueblo Libre,350,195,545,Navid
Pagina Web,Pisos,Limpieza,visita tecnica ,San Borja,45,,45,Navid
Pagina Web,Colchón,Limpieza,Limpieza al vapor ,San Miguel,174.5,174.5,349,Navid
Llamada,Clases,Clases,Paquete de 30 horas,,2800,,2800,Diana
Llamada,Clases,Clases,Clase Piloto,,160,,160,Diana
Llamada,Colchón,Limpieza,limpieza al vapor ,La Molina,230,230,460,Navid
Pagina Web,Baño,Limpieza,limpieza de baño ,San Borja,150,,295,Navid
Pagina Web,Pisos,Limpieza,visita tecnica ,San Isidro,65,,65,Navid
Pagina Web,Medicamento,Medicamento,Voriconazil x200mg ,-,590,,590,Navid
Llamada,Clases,Clases,Clase piloto ,,90,,90,Diana
Pagina Web,Clases,Clases,Clase piloto ,,141.2,,141.2,Diana
Pagina Web,Medicamento,Medicamento,Voriconazol x200mg,-,1180,,1180,Navid
Pagina Web,Pisos,Limpieza,visita tecnica ,Miraflores,35,,35,Navid
Pagina Web,Pisos,Limpieza,visita tecnica ,San Borja,30,,30,Navid
Llamada,Alfombra,Limpieza,Limpieza alfombra,Santiago de Surco,259,,259,Ever
Pagina Web,Colchón,Limpieza,Limpieza al vapor ,Jesús María,135,,265,Navid
Pagina Web,Abogados,Abogados,Asesoría legal ,,190,,190,Diana
Llamada,Clases,Clases,Paquete 10 horas,,729,,729,Diana
Llamada,Pisos,Limpieza,Prueba piloto,,140,,140,Diana
Pagina Web,Pisos,Limpieza,Limpieza profunda de piso ,San Isidro,800,,800,Diana
Pagina Web,Pisos,Limpieza,visita tecnica ,San Isidro,65,,65,Navid
Llamada,Clases,Clases,Prueba piloto,,90,,90,Diana
Llamada,Pisos,Limpieza,Limpieza de piso,Miraflores,750,,1500,Navid
Llamada,Colchón,Limpieza,Limpieza Al Vapor ,La Molina,320,,640,Navid
Pagina Web,Colchón,Limpieza,Limpieza Al Vapor ,Jesús María,275,,545,Navid
Pagina Web,Clases,Clases,Paquete 30 horas,,1300,,1300,Diana
Llamada,Pisos,Limpieza,Limpieza semi ind,Miraflores,289.5,289.5,579,Ever
Llamada,Pisos,Limpieza,Visita Tecnica ,Surco,30,,30,Navid
Pagina Web,Medicamento,Medicamento,Voriconazil 200mg ,-,590,,590,Cliente
Llamada,Clases,Clases,Paquete 10 horas,,400,,400,Diana
Llamada,Pisos,Limpieza,Limpieza profunda de piso,San Isidro,800,,800,Navid
Llamada,Medicamento,Medicamento,4 rituximab 500mg ,-,7400,,7400,Navid
Llamada,Clases,Clases,Clase piloto ,,120,,120,Diana
Llamada,Marketing,Marketing,Paquete premium logo,,170,,170,Diana
Llamada,Clases,Clases,Prueba piloto,,50,,200,Diana
Pagina Web,Marketing,Marketing,Servicio de Google Ads,,590,,690,Cliente
Pagina Web,Abogados,Abogados,Temas legales ,,300,,300,Cliente
Pagina Web,Abogados,Abogados,Temas legales ,,300,,300,Diana
Llamada,Marketing,Marketing,Paquete premium logo,,195,,195,Diana
Llamada,Clases,Clases,Clases contabilidad (2hrs),,198,,198,Ever
Pagina Web,Medicamento,Medicamento,Voriconazol x200mg,,1180,,1180,Cliente
Pagina Web,Pisos,Limpieza,limpieza profunda ,Miraflores,337.5,,675,Navid
Pagina Web,Pisos,Limpieza,VISITA TÉCNICA,Pueblo Libre,65,,65,Navid
Pagina Web,Clases,Clases,Paquete de 10 hras ,,499,,499,Diana
Pagina Web,Pisos,Limpieza,VISITA TÉCNICA,Surco,80,,80,Ever
Pagina Web,Baño,Limpieza,Limpieza de baño ,San Isidro,197.5,,395,Navid
Llamada,Pisos,Limpieza,VISITA TÉCNICA,San Martin de Porres,80,,80,Ever
Llamada,Pisos,Limpieza,VISITA TÉCNICA,Surco,20,,20,Ever
Llamada,Pisos,Limpieza,Visita Técnica ,Surco,30,,30,Navid
Pagina Web,Pisos,Limpieza,Visita técnica,Miraflores,60,,60,Diana
Llamada,Pisos,Limpieza,Paquete de 30 horas,,1000,,2000,Diana
Llamada,Pisos,Limpieza,VISITA TÉCNICA,Jesús María,40,,40,Ever
Pagina Web,Pisos,Limpieza,Limpieza de piso ,La Molina,750,500,1250,Navid
Pagina Web,Pisos,Limpieza,Visita Técnica ,La Molina,70,,70,Navid
Llamada,Pisos,Limpieza,Paquete 10 horas,,589,,589,Diana
Pagina Web,Cocina,Limpieza,Limpieza de cocina ,Surco,195,195,390,Navid
Pagina Web,Abogados,Abogados,Asesoría legal ,-,250,,290,Navid
Pagina Web,Pisos,Limpieza,Paquete de 30 horas,,1407,630,2037,Diana
Pagina Web,Colchón,Limpieza,Lavado al delicado,San Borja,150,,299.5,Cliente
Pagina Web,Colchón,Limpieza,Lavado al delicado,San Borja,150,,299.5,Diana
Llamada,Medicamento,Medicamento,Voriconazol x200mg,-,1180,,1180,Cliente
Pagina Web,Colchón,Limpieza,LIMPIEZA AL VAPOR,Pueblo Libre,289,,289,Ever
Pagina Web,Pisos,Limpieza,Paquete de 30 horas,,478.5,,957,Cliente
Pagina Web,Colchón,Limpieza,Limpieza profunda + limpieza al vapor ,Villa el Salvador,895,,1790,Navid
Pagina Web,Colchón,Limpieza,Limpieza Al Vapor ,Punta Hermosa ,500,,1545,Navid
Llamada,Pisos,Limpieza,Limpieza profunda de piso,Surco,175,175,350,Ever
Pagina Web,Mueble,Limpieza,Limpieza de muebles,Jesús Maria,357.5,,715,Navid
Pagina Web,Pisos,Limpieza,Paquete 10 horas,,400,,400,Diana
Llamada,Pisos,Limpieza,Clase piloto ,,50,50,100,Ever
Llamada,Abogados,Psicologo,Asesoría legal ,,190,,Devolución,Diana
Llamada,Pisos,Limpieza,Clase piloto,,110,,110,Diana
Llamada,Pisos,Limpieza,Paquete de 30 horas,,2007,,2007,Diana
Pagina Web,Pisos,Limpieza,Visita Técnica,Surco,40,,40,Ever
Llamada,Pisos,Limpieza,Clase piloto ,,45,45,90,Ever
Llamada,Clases,Clases,Clase piloto ,,90,,90,Diana
Pagina Web,Clases,Clases,Clase piloto ,,190,,190,Diana
Llamada,Clases,Clases,Clase piloto ,,90,,90,Marco
Llamada,Clases,Clases,Paquete de 21 horas,,1497,,1497,Cliente
Pagina Web,Medicamento,Medicamento,Rituximab 500mg ,,1990,,1990,Diana
Pagina Web,Clases,Clases,Clase piloto ,,190,,190,Cliente
Pagina Web,Pisos,Limpieza,visita tecnica ,Barranco,50,,50,Navid
Llamada,Medicamento,Medicamento,Rituximab 500mg ,,1990,,1990,Cliente
Pagina Web,Pisos,Limpieza,limpieza profunda ,Barranco,300,300,600,Navid
Pagina Web,Pisos,Limpieza,visita tecnica ,San Isidro,50,,50,Navid
Pagina Web,Colchón,Limpieza,limpieza al vapor ,San Juan de Lurigancho,270,270,540,Navid
Pagina Web,Pisos,Limpieza,Limpieza doméstica ,,390,,390,Navid
Pagina Web,Clases,Clases,Clase de 45min ,,45,,45,Cliente
Pagina Web,Pisos,Limpieza,Limpieza al Delicado ,Villa Maria del Triunfo,177.5,177.5,355,Navid
Llamada,Clases,Clases,Clase piloto,,176.5,,176.5,Diana
Pagina Web,Ventanas,Limpieza,Limpieza de ventanas ,Surco,175,175,350,Navid
Pagina Web,Pisos,Limpieza,visita tecnica ,Surco,30,,30,Navid
Pagina Web,Abogados,Abogados,asesoría legal ,-,290,,290,Navid
Pagina Web,Cocina,Limpieza,Cocina + campana ,La Molina,250,325,575,Navid
Pagina Web,Pisos,Limpieza,Limpieza Al Delicado ,Miraflores,162.5,162.5,325,Navid
Pagina Web,Pisos,Limpieza,visita tecnica ,San Borja,35,,35,Navid
Llamada,Clases,Clases,Clase Piloto,,100,,100,Ever
Pagina Web,Pisos,Limpieza,Limpieza profunda ,Miraflores ,495,495,990,Navid
Pagina Web,Marketing,Marketing,Logo ,,250,,250,Navid
Pagina Web,Pisos,Limpieza,visita tecnica ,San Borja,40,,40,Navid
Pagina Web,Marketing,Marketing,Logo,,390,,390,Navid
Pagina Web,Clases,Clases,clases,,45,,45,Cliente
Pagina Web,Pisos,Limpieza,visita tecnica ,Surco,25,,25,Navid
Pagina Web,Clases,Clases,paquete de 30 horas,,2607,,2607,Cliente
Pagina Web,Ventanas,Limpieza,Limpieza de ventanas ,San Isidro,225,225,450,Navid
Pagina Web,Marketing,Marketing,Diseño publicitario ,,99,,99,Navid
Pagina Web,Pisos,Limpieza,visita tecnica ,Barranco,40,40,80,Ever
Pagina Web,Clases,Clases,clases ,,130,,130,Daniela Lisung
Pagina Web,Pisos,Limpieza,Visita Tecnica,San Isidro,40,,40,Ruth
Pagina Web,Pisos,Limpieza,Visita Tecnica,Jesus Maria,75,,75,Navid
Pagina Web,Clases,Clases,clases ,,1577,,1577,Daniela Lisung
Pagina Web,Clases,Clases,clases,,100,,100,Cliente
Pagina Web,Medicamento,Medicamento,voriconazol,,590,,590,Daniela Lisung
Pagina Web,Medicamento,Medicamento,voriconazol,,590,,590,Cliente
Pagina Web,Clases,Clases,clases,,130,,130,Daniela Lisung
Llamada,Clases,Clases,clase modelo ,,45,,45,Navid
Pagina Web,Clases,Clases,paquete de 30 horas,,2460,,2460,Navid
Llamada,Colchón,Limpieza,Limpieza Al Vapor ,Miraflores ,100,135,235,Navid
Pagina Web,Pisos,Limpieza,Visita técnica ,Surco,35,,35,Navid
Pagina Web,Clases,Clases,clase modelo ,,100,,100,Navid
Pagina Web,Clases,Clases,clase modelo ,,45,,45,Daniela Lisung
Pagina Web,Clases,Clases,clase modelo ,,240,,240,Daniela Lisung
Pagina Web,Clases,Clases,paquete de 30 horas ,,830,1660,830,Navid
Pagina Web,Pisos,Limpieza,limpieza de piso + limpieza profunda ,Pueblo Libre,1395,1395,2790,Navid
Pagina Web,Clases,Clases,clase modelo ,,45,,45,Cliente
Pagina Web,Clases,Clases,Paquete de 10 horas ,,364.5,,364.5,Cliente
Pagina Web,Clases,Clases,Paquete de 10 horas ,,364.5,,364.5,Navid
Pagina Web,Pisos,Limpieza,Limpieza de piso ,Surco,1300,1300,2600,Navid
Pagina Web,Clases,Clases,paquete de 30 hrs,,750,750,1500,Navid
Pagina Web,Clases,Clases,Clases,,90,,90,Daniela Lisung
Pagina Web,Clases,Clases,Clases,,224.45,,224.45,Daniela Lisung
Pagina Web,Pisos,Limpieza,Visita técnica ,San Isidro,80,,80,Daniela Lisung
Pagina Web,Abogados,Abogados,Asesoria Legal,,390,,390,Daniela Lisung
Pagina Web,Pisos,Limpieza,Visita técnica,San Martin de Porres,90,,90,Ruth
Pagina Web,Clases,Clases,Paquete 30 horas,,957,,957,Ruth
Pagina Web,Clases,Clases,Resolución de problemas,,150,,150,Daniela Lisung
Pagina Web,Colchón,Limpieza,limpieza al vapor ,San Martin de Porres,215,215,430,Daniela Lisung
Pagina Web,Medicamento,Medicamento,voriconazol 200mg ,,1180,,1180,Cliente
Pagina Web,Colchón,Limpieza,limpieza de colchon 2 plazas,,150,150,300,Ruth
Pagina Web,Medicamento,Medicamento,2 ampollas RITUXIMAB de 500 mg / 50 ml,,1983.5,,1983.5,Ruth
Pagina Web,Medicamento,Medicamento,2 ampollas RITUXIMAB de 500 mg / 50 ml,,1983.5,,1983.5,Cliente
Pagina Web,Pisos,Limpieza,visita ,Surco,35,,35,Daniela Lisung
Pagina Web,Colchón,Limpieza,Limpieza Al vapor ,Chorrillos,130,165,295,Navid
Pagina Web,Pisos,Limpieza,Visita técnica ,Surco,45,,45,Daniela Lisung
Pagina Web,Pisos,Limpieza,Visita Técnica,Miraflores,35,,35,Daniela Lisung
Llamada,Clases,Clases,paquete de 30 horas ,,622.5,622.5,1245,Navid
Pagina Web,Abogados,Abogados,Asesoria Legal,,320,,320,Daniela Lisung
Pagina Web,Clases,Clases,Clases,,170,,170,Daniela Lisung
Pagina Web,Pisos,Limpieza,Visita técnica ,San Borja,35,,35,Daniela Lisung
Pagina Web,Colchón,Limpieza,Limpieza Al vapor ,Santiago de Surco,245,,245,Daniela Lisung
Pagina Web,Colchón,Limpieza,Limpieza Al vapor ,Ate,299,,299,Daniela Lisung
Pagina Web,Clases,Clases,Clases,,800,,800,Daniela Lisung
Pagina Web,Colchón,Limpieza,Limpieza Al vapor ,Surco,245,,245,Daniela Lisung
Pagina Web,Colchón,Limpieza,Limpieza Al vapor ,Punta Hermosa,390,,390,Daniela Lisung
Pagina Web,Clases,Clases,Paquete de 30 horas,,160,,160,Marco
Pagina Web,Clases,Clases,Paquete de 30 horas,,938.5,,938.5,Marco
Llamada,Pisos,Limpieza,visita tecnica ,Surco,35,,35,Navid
Pagina Web,Colchón,Limpieza,limpieza al vapor ,punta negra ,345,345,690,Navid
Pagina Web,Medicamento,Medicamento,voriconazol x 200mg ,,700,,700,Daniela Lisung
Pagina Web,Medicamento,Medicamento,medicamento ,,4500,,4500,Daniela Lisung
Pagina Web,Medicamento,Medicamento,voriconazol 200mg ,,700,,700,Navid
Pagina Web,Clases,Clases,Paquete de 30 horas,,938.5,,938.5,Marco
Pagina Web,Clases,Clases,clase modelo ,,80,,80,Ruth
Pagina Web,Colchón,Limpieza,Limpieza al Vapor colchón king,,150,,300,Ruth
Pagina Web,Pisos,Limpieza,visita tecnica,San Isidro,55,,55,Navid
Pagina Web,Medicamento,Medicamento,voriconazol x200mg,,1180,,1180,Cliente
Pagina Web,Clases,Clases,resolución de tarea ,,380,,380,Navid
Pagina Web,Clases,Clases,Clase Modelo 1 hora,,40,,40,Ruth
Pagina Web,Clases,Clases,Clase Modelo 1 hora,,80,,80,Ruth
Pagina Web,Clases,Clases,paquete de 10 horas ,,550,,550,Navid
Pagina Web,Pisos,Limpieza,Visita técnica,San Isidro,60,,60,Daniela Lisung
Pagina Web,Clases,Clases,clases,,140,,140,Daniela Lisung
Pagina Web,Pisos,Limpieza,limpieza domestica ,Surco,125,125,250,Navid
Pagina Web,Abogados,Abogados,Asesoría legal ,,390,,390,Navid
Llamada,Pisos,Limpieza,visita tecnica ,Chorrillos,65,,65,Navid
Pagina Web,Clases,Clases,clase modelo ,,221.86,,221.86,Daniela Lisung
Pagina Web,Abogados,Abogados,Asesoria Legal,,230,,230,Daniela Lisung
Pagina Web,Clases,Clases,clase modelo ,,221.86,,221.86,Cliente
Pagina Web,Clases,Clases,clase modelo ,,222,,222,Navid
Pagina Web,Clases,Clases,clase modelo ,,221.86,,221.86,Cliente
Pagina Web,Abogados,Abogados,Acompañamiento Legal,,200,,200,Daniela Lisung
Pagina Web,Colchón,Limpieza,Limpieza a Vapor,San Borja,430,,430,Daniela Lisung
Pagina Web,Clases,Clases,Resolución de problemas,,120,,120,Daniela Lisung
Pagina Web,Clases,Clases,Paquete de 30 horas,,553.5,,1107,Daniela Lisung
Pagina Web,Pisos,Limpieza,Limpieza de cuartos ,San Isidro,207.5,407.5,615,Navid
Llamada,Marketing,Marketing,Diseño de logo ,,390,,390,Navid
Llamada,Clases,Clases,Clases,,938.5,,938.5,Marco
Pagina Web,Clases,Clases,Clases,,600,,600,Marco
Llamada,Pisos,Limpieza,visita tecnica ,San Juan de Miraflores,60,,60,Navid
Pagina Web,Cocina,Limpieza,Limpieza de cocina ,La Molina,749,,749,Daniela Lisung
Pagina Web,Pisos,Limpieza,visita tecnica ,San Isidro,60,,60,Daniela Lisung
Pagina Web,Pisos,Limpieza,visita tecnica ,San Isidro,60,,60,Daniela Lisung
Pagina Web,Clases,Clases,Clases,,150,,150,Daniela Lisung
Pagina Web,Pisos,Limpieza,Limpieza al vapor,Chorrillos,200,129,329,Navid
Pagina Web,Clases,Clases,Paquete de 10 horas ,,249.5,,249.5,Navid
Pagina Web,Clases,Clases,Paquete de 10 horas ,,249.5,,249.5,Cliente
Pagina Web,Clases,Clases,clase modelo ,,190,,190,Marco
Llamada,Clases,Clases,clase modelo ,,120,,120,Navid
Pagina Web,Pisos,Limpieza,visita tecnica ,Surco,35,,35,Daniela Lisung
Pagina Web,Pisos,Limpieza,visita tecnica ,San Isidro,60,,60,Daniela Lisung
Pagina Web,Clases,Clases,clase modelo ,,170,,170,Navid
Referencia,Clases,Clases,clase modelo ,,156.62,,156.62,Marco
Pagina Web,Medicamento,Medicamento,Voriconazol x 200mg ,,1180,,1180,Cliente
Llamada,Clases,Clases,clase modelo ,,70,,70,Navid
Pagina Web,Pisos,Limpieza,visita casa,Santiago de Surco,40,,40,Marco
Pagina Web,Colchón,Limpieza,Limpieza al vapor ,Jesús Maria,149.5,149.5,299,Navid
Pagina Web,Clases,Clases,paquete de 30 horas ,,2190.99,,2190.99,Cliente
Pagina Web,Clases,Clases,paquete de 30 horas ,,1000,,1000,Navid
Pagina Web,Pisos,Limpieza,visita tecnica ,San Borja,30,,30,Navid
Pagina Web,Clases,Clases,20 horas,,820,,1640,Daniela Lisung
Pagina Web,Colchón,Limpieza,Limpieza Vapor,Surco,240,,350,Daniela Lisung
Pagina Web,Inmueble,Limpieza,limpieza domestica ,San Borja,350,,240,Daniela Lisung
Pagina Web,Pisos,Limpieza,visita,Miraflores,65,,65,Daniela Lisung
Pagina Web,Colchón,Limpieza,Limpieza a vapor,Chorrillos,105,105,210,Daniela Lisung
Pagina Web,Clases,Clases,clase modelo ,,260,,260,Daniela Lisung
Pagina Web,Colchón,Limpieza,Limpieza a vapor,La Molina,500,,500,Daniela Lisung
Pagina Web,Clases,Clases,Problemas,,135,,135,Daniela Lisung
Pagina Web,Pisos,Limpieza,Visita,Surco,35,,35,Daniela Lisung
Pagina Web,Pisos,Limpieza,visita tecnica ,Jesús Maria,80,,80,Navid
Pagina Web,Colchón,Limpieza,Limpieza a vapor,San Martin de Porres,144,144,288,Navid
Pagina Web,Clases,Clases,Resolución de PC,,160,,160,Daniela Lisung
Pagina Web,Pisos,Limpieza,Visita tecnica ,La victoria,60,,60,Navid
Llamada,Inmueble,Limpieza,Limpieza domestica 4 departamentos ,Lince,475,475,950,Navid
Pagina Web,Pisos,Limpieza,VISITA TECNICA ,Miraflores,60,,60,Navid
Pagina Web,Pisos,Limpieza,VISITA TECNICA ,Miraflores ,50,,50,Navid
Llamada,Clases,Clases,clase modelo ,,30,,30,Navid
Pagina Web,Clases,Clases,Resolución de ejercicios,,220,,220,Daniela Lisung
Llamada,Inmueble,Limpieza,limpieza profunda ,Pueblo Libre,520,,520,Navid
Pagina Web,Pisos,Limpieza,VISITA TECNICA ,Chorrillos,60,,60,Daniela Lisung
Pagina Web,Clases,Clases,Paquete 20 horas,,1260,,1260,Daniela Lisung
Pagina Web,Clases,Clases,paquete de 10 horas ,,429,,429,Navid
Pagina Web,Pisos,Limpieza,visita tecnica ,Surco,30,,30,Navid
Pagina Web,Colchón,Limpieza,Limpieza a vapor,El agustino,335,,335,Daniela Lisung
Pagina Web,Clases,Clases,paquete de 10 horas ,,299,,299,Navid
Pagina Web,Medicamento,Medicamento,Voriconazol ,,1180,,1180,Cliente
Pagina Web,Clases,Clases,clases,,45,,45,Daniela Lisung
Pagina Web,Clases,Clases,Clases,,297,,297,Daniela Lisung
Pagina Web,Inmueble,Limpieza,limpieza prounda ,Miraflores,850,840,1690,Navid
Pagina Web,Inmueble,Limpieza,Limpieza de cuarto ,La victoria,235,235,470,Navid
Pagina Web,Clases,Clases,Visita,Miraflores,38,,38,Daniela Lisung
Pagina Web,Clases,Clases,paquete de 10 horas ,,799,,799,Navid
Llamada,Medicamento,Medicamento,Voriconazol x 200mg ,,1050,,1050,Navid
Referencia,Clases,Clases,Revisión trabajo de investigación,,190,,190,Daniela Lisung
Pagina Web,Colchón,Limpieza,Limpieza al vapor,San Miguel,190,179,369,Navid
Pagina Web,Clases,Clases,Pq de 20 horas,Chorrillos,500,,500,Daniela Lisung
Pagina Web,Clases,Clases,Paquete 30 horas,,1018.5,,2037,Daniela Lisung
Pagina Web,Pisos,Limpieza,Visita,Salamanca,60,,60,Daniela Lisung
Pagina Web,Inmueble,Limpieza,Limpieza domestica ,Surco,125,125,250,Navid
Pagina Web,Pisos,Limpieza,Visita,Chorrillos,50,,50,Daniela Lisung
Pagina Web,Pisos,Limpieza,Visista,La Molina,60,,60,Daniela Lisung
Pagina Web,Clases,Clases,resolución de examen,,189,,189,Daniela Lisung
Pagina Web,Inmueble,Limpieza,limpieza profunda ,San Isidro,1400,1400,2800,Navid
Pagina Web,Clases,Clases,Clase modelo,,100,,100,Daniela Lisung
Pagina Web,Colchón,Limpieza,limpieza al vapor ,San Juan de Miraflores,184.5,184.5,369,Navid
Pagina Web,Clases,Clases,clases,,150,,150,Daniela Lisung
Pagina Web,Clases,Clases,clase modelo,,60,,60,Massoni
Pagina Web,Marketing,Marketing,Logo,,299,,299,Daniela Lisung
Llamada,Clases,Clases,paquete de 30 horas ,,2310,,2310,Navid
Pagina Web,Pisos,Limpieza,Visita tecnica,Miraflores,80,,80,Massoni
Llamada,Clases,Clases,clase,,150,,150,Isabella
Pagina Web,Clases,Clases,clase,,60,,60,Isabella
,Clases,Clases,clase,,192,,192,Cliente
Pagina Web,Clases,Clases,paquete de 10 horas ,,190,760,950,Marco
Llamada,Pisos,Limpieza,Limpieza de granito ,San Isidro,200,200,400,Navid
Pagina Web,Clases,Clases,Clase modelo de 4 horas ,,320,,320,Navid
,Clase modelo,Clases,clase,,75,,75,Cliente
Pagina Web,Pisos,Limpieza,Visita paredes,Miraflores,60,,60,Daniela Lisung
Pagina Web,Resolución de tarea,Clases,Resolucion de trabajo,,60,,100,Massoni
Pagina Web,Pisos,Limpieza,Visita tecnica,San Borja,50,,50,Massoni
Pagina Web,Paquete de clases,Clases,Paquete 10hr,,350,,350,Massoni
Pagina Web,Pisos,Limpieza,Visita,Miraflores ,80,,80,Daniela Lisung
Pagina Web,Pisos,Limpieza,Visita,San Miguel,80,,80,Daniela Lisung
Pagina Web,Paquete de clases,Clases,paquete 30hr,,669,,669,Marco
Pagina Web,Paquete de clases,Clases,paquete de 30 horas ,,2310,,2310,Cliente
Llamada,Clase modelo,Clases,clase modelo ,,50,,50,Navid
Llamada,Pisos,Limpieza,visita tecnica,Barranco,50,,50,Isabella
Llamada,Clase modelo,Clases,Clase modelo 2 hrs,,185,,185,Navid
Llamada,Clase modelo,Clases,clase modelo 2hrs,,80,,80,Isabella
Pagina Web,Paquete de clases,Clases,Paquete de 30 hrs,,1000,,1000,Navid
Pagina Web,Clase modelo,Clases,Clase modelo 2 hrs,,185,,185,Navid
Pagina Web,Clase modelo,Clases,Clase modelo 2 hrs,,100,,100,Massoni
Pagina Web,Marketing,Marketing,Página web modelo,,514.01,,514.01,Marco
Llamada,Paquete de clases,Clases,paquete de 10 horas,,190,190,380,Isabella
Pagina Web,Pisos,Limpieza,Limpieza de moho,Miraflores,620,,620,Daniela Lisung
Pagina Web,Pisos,Limpieza,limpieza de piso,Miraflores ,490,,490,Daniela Lisung
Pagina Web,Clase modelo,Clases,Clase modelo 2 hrs,,100,,100,Massoni
Pagina Web,Clase modelo,Clases,Clase modelo 2 hrs,,150,,150,Navid
Pagina Web,Pisos,Limpieza,visita tecnica ,San Isidro,80,,80,Navid
Llamada,Paquete de clases,Clases,paquete de 7 horas,,420,,420,Isabella
Pagina Web,Paquete de clases,Clases,paquete 20h,,460,,460,Daniela Lisung
Pagina Web,Pisos,Limpieza,visita tecnica,Surquillo,50,,50,Massoni
Pagina Web,Psicologo,Psicologo,Asesoría,,210,,210,Massoni
Pagina Web,Paquete de clases,Clases,Paquete de 10h,,380,,380,Daniela Lisung
Pagina Web,Inmueble,Limpieza,Limpieza Profunda ,Independencia,595,595,1190,Navid
Llamada,Pisos,Limpieza,visita,San Isidro,40,40,80,Isabella
Llamada,Colchón,Limpieza,Limpieza al vapor ,Magdalena,135,135,269,Navid
Pagina Web,Pisos,Limpieza,visita tecnica ,San Isidro,80,,80,Navid
Pagina Web,Pisos,Limpieza,visita tecnica,San Miguel,70,,70,Massoni
Pagina Web,Pisos,Limpieza,visita ,San Isidro,80,,80,Navid
Pagina Web,Paquete de clases,Clases,Paquete 10hr,,530,,530,Daniela Lisung
Pagina Web,Marketing,Marketing,Logo,,290,,290,Daniela Lisung
Pagina Web,Pisos,Limpieza,limpieza de pisos ,San Isidro,700,550,1250,Navid
Pagina Web,Paquete de clases,Clases,Paquete 60h,,1130,,1130,Massoni
Pagina Web,Paquete de clases,Clases,Paquete 10hr,,480,,480,Massoni
Pagina Web,Clases,Clases,Resolucion de trabajo,,70,,70,Isabella
Pagina Web,Paquete de clases,Clases,Paquete 10hr,,180,,180,Massoni
Pagina Web,Mueble,Limpieza,Visita tecnica,Miraflores,50,,50,Massoni
Pagina Web,Inmueble,Limpieza,Visita tecnica,San Isidro,60,,60,Massoni
Llamada,Clase modelo,Clases,clase modelo 3 horas,,165,,165,Isabella
Pagina Web,Mueble,Limpieza,Limpieza a vapor,La Molina,239,,239,Daniela Lisung
Pagina Web,Ventanas ,Limpieza,limpieza de ventanas ,San Isidro,145,145,290,Navid
Pagina Web,Clases,Clases,paquete de 30 horas ,,628.5,,628.5,Cliente
Pagina Web,Clases,Clases,paquete de 30 horas ,,628.5,,628.5,Navid
Pagina Web,Pisos,Limpieza,visita tecnica,San Borja,40,,40,Isabella
Pagina Web,Pisos,Limpieza,visita tecnica,La Molina,60,,60,Massoni
Pagina Web,Abogados,Abogados,Asesoria Legal,,190,,390,Massoni
Llamada,Pisos,Limpieza,visita tecnica ,Surco,50,,50,Navid
Pagina Web,Inmueble,Limpieza,Limpieza profunda ,Jesús Maria,729,,729,Massoni
Pagina Web,Mueble,Limpieza,,Comas ,125,124,249,Massoni
Pagina Web,Clases,Clases,clase,,110,,110,Daniela Lisung
Pagina Web,Clases,Clases,Clase,,100,,100,Massoni
Pagina Web,Resolución de tarea,Clases,RESOLUCIÓN CLASE,,25,,25,Isabella
Pagina Web,Paquete de clases,Clases,Paquete 30hr,,2010,,2010,Massoni
Pagina Web,Pisos,Limpieza,visita tecnica ,Lince,60,,60,Massoni
Pagina Web,Resolución de tarea,Clases,Resolucion de examen,,490,,490,Navid
Llamada,Clase modelo,Clases,Clase modelo ,,150,,150,Isabella
Llamada,Mueble,Limpieza,limpieza muebles,Callao,269,,269,Isabella
Pagina Web,Clase modelo,Clases,Clase Modelo,,307.36,,307.36,Daniela Lisung
Pagina Web,Clase modelo,Clases,Clase Modelo,,190,,190,Daniela Lisung
Pagina Web,Medicamento,Medicamento,temozolamida x2,,1490,,1490,Massoni
Pagina Web,Clases,Clases,Resolucion de ensayo,,290,,290,Massoni
Pagina Web,Inmueble,Limpieza,Limpieza profunda ,Miraflores,950,,950,Navid
Llamada,Clase modelo,Clases,clase modelo 2h,,150,,150,Isabella
Pagina Web,Pisos,Limpieza,visita tecnica ,Miraflores,60,,60,Massoni
Pagina Web,Mueble,Limpieza,limpieza al vapor ,La Molina,140,139,279,Navid
Pagina Web,Paquete de clases,Clases,clase renovacion paquete 10 hr,,380,,380,Cliente
Pagina Web,Clase modelo,Clases,4hr,,200,40,240,Massoni
Llamada,Clase modelo,Clases,clase modelo ,,180,,180,Navid
Pagina Web,Clase modelo,Clases,Clase Modelo,,130,,130,Daniela Lisung
Llamada,Marketing,Marketing,logo,,78,,78,Isabella
Llamada,Inmueble,Limpieza,visita tecnica ,Pueblo Libre,80,,80,Isabella
Pagina Web,Marketing,Marketing,logo,,560,,560,Daniela Lisung
Pagina Web,Inmueble,Limpieza,visita Moho,Pueblo Libre,60,,60,Daniela Lisung
Pagina Web,Inmueble,Limpieza,Limpieza de paredes,San Isidro,545,645,1090,Navid
Llamada,Pisos,Limpieza,Limpieza profunda de piso,Santiago de Surco,1325,1325,2650,Navid
Llamada,Clases,Clases,clase modelo,,250,,250,Isabella
Pagina Web,Paquete de clases,Clases,Paquete 20hrs,,1120,,1120,Massoni
Pagina Web,Ventanas,Limpieza,limpieza profunda ventanas,San Isidro,159.5,,319,Massoni
Pagina Web,Inmueble,Limpieza,visita tecnica,,25,,25,Navid
Llamada,Pisos,Limpieza,visita tecnica,Surco,80,,80,Isabella
Pagina Web,Colchón,Limpieza,Limpieza a Vapor,,134.5,,269,Daniela Lisung
Pagina Web,Abogados,Abogados,asesoria,,290,,290,Isabella
Pagina Web,Paquete de clases,Clases,paquete 30 horas,,1680,,1680,Daniela Lisung
Pagina Web,Inmueble,Limpieza,Limpieza de humedad,Surco,225,225,450,Navid
Pagina Web,Resolución de tarea,Clases,Resolución de tarea,,125,,125,Navid
Llamada,Inmueble,Limpieza,Limpieza profunda ,Jesús Maria,295,295,590,Navid
Llamada,Inmueble,Limpieza,VISITA TECNICA,La Molina,70,,70,Isabella
Pagina Web,Pisos,Limpieza,VISITA TECNICA,Miraflores,50,,50,Massoni
Pagina Web,Clase modelo,Clases,CLASE MODELO,,90,,90,Isabella
Pagina Web,Clase modelo,Clases,CLASE MODELO,,160,,160,Massoni
Pagina Web,Clase modelo,Clases,CLASE MODELO,,120,,120,Massoni
Pagina Web,Clase modelo,Clases,MINI PAQUETE 4 HORAS,,172,,172,Isabella
Pagina Web,Ventanas ,Limpieza,Limpieza de ventanas,San Borja,125,125,250,Navid
Pagina Web,Medicamento,Medicamento,Trastuzumab ,,2195,2195,4390,Navid
Llamada,Inmueble,Limpieza,"Limpieza departamento, muebles y colchones",Surco,595,595,1190,Navid
Pagina Web,Pisos,Limpieza,VISITA TECNICA,San Isidro,60,,60,Massoni
Pagina Web,Clases,Clases,Paquete 20 hrs,,1220,,1220,Massoni
Pagina Web,Medicamento,Medicamento,voriconazol x 200mg ,,590,,590,Navid
Pagina Web,Psicologo,Psicologo,asesoria,,300,,300,Massoni
Llamada,Pisos,Limpieza,visita tecnica,San Isidro,30,,30,Navid
Llamada,Inmueble,Limpieza,visita tecnica,Surco,50,,50,Massoni
Pagina Web,Pisos,Limpieza,visita tecnica,Jesús Maria,80,,80,Navid
Llamada,Inmueble,Limpieza,limpieza cuarto,Villa el Salvador,115,115,230,Navid
Llamada,Paquete de clases,Clases,Paquete 20 horas,,360,,720,Daniela Lisung
Pagina Web,Limpieza,Limpieza,Limpieza domestica,Pueblo Libre,75,,75,Massoni
Pagina Web,Paquete de clases,Clases,PQ 10 horas,,780,,780,Daniela Lisung
Pagina Web,Resolución de tarea,Clases,Resolucion de trabajos,,50,,50,Massoni
Llamada,Clase modelo,Clases,clase,,190,,190,Daniela Lisung
Llamada,Clases,Clases,clase modelo,,182,,182,Navid
Pagina Web,Paredes,Limpieza,visita tecnica,San Miguel,70,,70,Massoni
Pagina Web,Colchón,Limpieza,limpieza al vapor ,Lince,114.5,114.5,229,Massoni
Pagina Web,Clase modelo,Clases,clase modelo,,65,,65,Massoni
Pagina Web,Clase modelo,Clases,calse modelo ,,50,,50,Cliente
Pagina Web,Inmueble,Limpieza,limpieza profunda,Surco,774,,1290,Massoni
Pagina Web,Inmueble,Limpieza,limpieza profunda,San Isidro,1095,,2190,Massoni
Pagina Web,Ventanas,Limpieza,Limpieza de ventanas,Cercado de Lima,295,,295,Navid
Pagina Web,Clase modelo,Clases,clases,,45,,45,Cliente
Pagina Web,Clase modelo,Clases,clase,,120,,120,Massoni
Pagina Web,Paquete de clases,Clases,paquete de 10 horas ,,650,,650,Navid
Pagina Web,Paquete de clases,Clases,paquete de 10 horas ,,740,,740,Massoni
Pagina Web,Colchón,Limpieza,Limpieza a Vapor,Barranco,190,,190,Daniela Lisung
Pagina Web,Medicamento,Medicamento,trastuzumab,,600,600,1200,Massoni
Pagina Web,Medicamento,Medicamento,voriconazol 200 mg ,,1180,,1180,Navid
Pagina Web,Abogados,Abogados,firma abogado,,400,,400,Massoni
Pagina Web,Colchón,Limpieza,Limpieza a vapor,Callao,114.5,104,218.5,Daniela Lisung
Pagina Web,Pisos,Limpieza,Visita,San Juan de Lurigancho,50,,50,Daniela Lisung
Pagina Web,Inmueble,Limpieza,Moho,Lince,80,,80,Daniela Lisung
Pagina Web,Pisos,Limpieza,Visita,San Isidro,80,,80,Daniela Lisung
Pagina Web,Clases,Clases,Pago de segunda parte de paquete,,106,,106,Daniela Lisung
Pagina Web,Colchón,Limpieza,Limpieza a Vapor,,115,115,230,Daniela Lisung
Pagina Web,Inmueble,Limpieza,Limpieza profunda ,Barranco,245,245,490,Navid
Pagina Web,Clases,Clases,paquete de 10 horas ,,330,,330,Navid
Pagina Web,Cocina,Limpieza,limpieza campanas,,200,,400,Massoni
Llamada,Marketing,Marketing,Logo Premium,,195,195,390,Navid
Llamada,Cocina,Limpieza,Limpieza de cocina ,Surco,50,300,350,Navid
Pagina Web,Paquete de clases,Clases,Paquete 30 hrs,,420,,420,Massoni
Pagina Web,Paquete de clases,Clases,paquete de 30 horas ,,2410,,2410,Navid
Pagina Web,Pisos,Limpieza,visita tecnica,Miraflores ,70,,70,Massoni
Llamada,Clase modelo,Clases,clase modelo 2 horas pedagógicas,,90,,90,Navid
Pagina Web,Marketing,Marketing,diseño de video carta presenctación,,50,,50,Navid
Pagina Web,Clase modelo,Clases,Clase modelo,,190,,190,Massoni
Pagina Web,Pisos,Limpieza,Visita Huachipa,,120,,120,Daniela Lisung
Pagina Web,Inmueble,Limpieza,Moho,Lince,325,,650,Daniela Lisung
Pagina Web,Clases,Clases,Clase Modelo,,110,,110,Daniela Lisung
Pagina Web,Pisos,Limpieza,visita tecnica,Magdalena,60,,60,Massoni
Pagina Web,Clases,Clases,Clases,,100,,100,Massoni
Pagina Web,Clases,Clases,paquete de 10 horas ,,850,,850,Navid
Pagina Web,Mueble,Limpieza,limpieza al vapor ,Jesus Maria,269,,269,Massoni
Pagina Web,Clases,Clases,paquete 10hr,,340,,680,Massoni
Pagina Web,Resolución de tarea,Clases,resolucion de trabajos,,75,,150,Massoni
Pagina Web,Inmueble,Limpieza,Visita tecnica 0,San Isidro,80,,80,Navid
Pagina Web,Medicamento,Medicamento,Tramadol ampolla x4,,100,,100,Massoni
Pagina Web,Clases,Clases,PQ 10 h,,430,,430,Daniela Lisung
Pagina Web,Clases,Clases,Paquete 30 hr,,2010,,2010,Massoni
Pagina Web,Pisos,Limpieza,visita tecnica,,70,,70,Massoni
Pagina Web,Medicamento,Medicamento,Capecitabina x3 blister,,225,,225,Massoni
Pagina Web,Pisos,Limpieza,Visita,San Miguel,80,,80,Daniela Lisung
Pagina Web,Pisos,Limpieza,visita ,Miraflores,80,,80,Navid
Pagina Web,Mueble,Limpieza,Limpieza a Vapor,,169.5,169.5,339,Daniela Lisung
Pagina Web,Medicamento,Medicamento,voriconazol x 200mg ,,590,,590,Cliente
Pagina Web,Inmueble,Limpieza,Limpieza profunda departamento 220m2,San Isidro,1280,,1280,Navid
Llamada,Pisos,Limpieza,visita tecnica ,Surco,40,40,80,Navid
Pagina Web,Pisos,Limpieza,Visita,Callao,80,,80,Daniela Lisung
Pagina Web,Inmueble,Limpieza,Limpieza de moho,Barranco,50,,50,Daniela Lisung
Pagina Web,Clase modelo,Clases,Clase modelo ,,95,,95,Navid
Pagina Web,Mueble,Limpieza,vapor,Magdalena,115,,230,Massoni
Pagina Web,Clase modelo,Clases,Clase modelo ,,95,,95,Daniela Lisung
Pagina Web,Inmueble,Limpieza,Limpieza profunda de casa de 180m2,Miraflores,346.5,643.5,990,Navid
Pagina Web,Clase modelo,Clases,Parte de pago del paquete  ,,120,,100,Daniela Lisung
Pagina Web,Paquete de clases,Clases,Clase,,380,,380,Daniela Lisung
Pagina Web,Inmueble,Limpieza,Visita tecnica ,San Borja,50,,50,Navid
Pagina Web,Clase modelo,Clases,clase modelo,,160,,160,Massoni
Pagina Web,Inmueble,Limpieza,Limpieza profunda ,Magdalena,150,390,540,Navid
Llamada,Clase modelo,Clases,clase modelo,,140,,140,Navid
Pagina Web,Paquete de clases,Clases,paquete de 30 horas ,,1105,,1105,Navid
Pagina Web,Paquete de clases,Clases,paquete de 30 horas ,,1105,,1105,Daniela Lisung
Llamada,Paquete de clases,Clases,Paquete de 10 horas ,,300,260,560,Navid
Pagina Web,Inmueble,Limpieza,Limpieza de moho,,300,,600,Daniela Lisung
Pagina Web,Paquete de clases,Clases,paquete de 30 horas ,,830,,830,Navid
Llamada,Medicamento,Medicamento,Filgastrim,,490,,490,Daniela Lisung
Pagina Web,Inmueble,Limpieza,limpieza profunda,Magdalena,200,,399,Massoni
Pagina Web,Pisos,Limpieza,visita tecnica ,San Miguel,80,,80,Navid
Pagina Web,Paquete de clases,Clases,paquete de 30 horas ,,550,,550,Navid
Pagina Web,Mueble,Limpieza,Limpieza al vapor ,Surquillo,174.5,174.5,349,Navid
Pagina Web,Clase modelo,Clases,Clase Modelo,,100,,100,Daniela Lisung
Pagina Web,Inmueble,Limpieza,limpieza domestica,Jesus Maria,95,,190,Massoni
Pagina Web,Medicamento,Medicamento,Voriconazol 200mg x2,,1180,,1180,Cliente
Pagina Web,Inmueble,Limpieza,Limpieza profunda,Miraflores,,,,Daniela Lisung
Pagina Web,Paquete de clases,Clases,Paquetes de 10 horas ,,299,,299,Cliente
Pagina Web,Abogados,Abogados,Asesoria Legal,,190,,190,Daniela Lisung
Pagina Web,Inmueble,Limpieza,visita moho,San Isidro,70,,70,Massoni
Pagina Web,Inmueble,Limpieza,visita moho,San Borja,70,,70,Massoni
Pagina Web,Inmueble,Limpieza,visita moho,San Isidro,70,,70,Massoni
Pagina Web,Paquete de clases,Clases,paquete 10 hr,,595,,660,Massoni
Pagina Web,Clase modelo,Clases,Paquete 2do pago,,460,,460,Daniela Lisung
Pagina Web,Alfombra,Limpieza,2 alfombras,Surco,429,,429,Daniela Lisung
Pagina Web,Paquete de clases,Clases,Pq 10 horas,,430,,430,Daniela Lisung
Pagina Web,Mueble,Limpieza,Limpieza de sillas,Magdalena,90,,90,Daniela Lisung
Pagina Web,Pisos,Limpieza,Visita,Pueblo Libre,60,,60,Daniela Lisung
Pagina Web,Paquete de clases,Clases,paquete10 hr,,730,,730,Massoni
Pagina Web,Pisos,Limpieza,Visita Tecnica ,San Isidro,50,,50,Navid
Pagina Web,Pisos,Limpieza,visita tecnica,Lurin,80,,80,Massoni
Pagina Web,Pisos,Limpieza,visita tecnica ,Surco,60,,60,Navid
Pagina Web,Clase modelo,Clases,Clase modelo,,190,,190,Navid
Pagina Web,Inmueble,Limpieza,Limpieza de moho,Santiago de Surco,112.5,112.5,225,Navid
Llamada,Clase modelo,Clases,clase modelo ,,80,,80,Navid
Pagina Web,Clase modelo,Clases,clase modelo ,,65,,65,Navid
Pagina Web,Clase modelo,Clases,clases,,90,,90,Daniela Lisung
Pagina Web,Medicamento,Medicamento,Filgastrim,,1050,,1050,Daniela Lisung
Pagina Web,Inmueble,Limpieza,Visita Moho,Barranco,60,,60,Daniela Lisung
Llamada,Pisos,Limpieza,visita piso falso ,Villa el Salvador,80,,80,Navid
Pagina Web,Paquete de clases,Clases,paquete de 20 horas,,1400,,1400,Navid
Llamada,Paquete de clases,Clases,Paquete de 10 horas ,,400,,400,Navid
Pagina Web,Pisos,Limpieza,visita tecnica ,San Borja,60,,60,Navid
Pagina Web,Paquete de clases,Clases,paquete de 30 horas (primer pago),,830,,830,Navid
Pagina Web,Clase modelo,Clases,clases,,90,,90,Daniela Lisung
Pagina Web,Pisos,Limpieza,visita tecnica ,Chorrillos,80,,80,Navid
Pagina Web,Pisos,Limpieza,visita tecnica ,La victoria,80,,80,Navid
Pagina Web,Pisos,Limpieza,visita tecnica ,San Martin de Porres,90,,90,Navid
Pagina Web,Mueble,Limpieza,Limpieza Al Vapor ,San Borja,125,125,250,Navid
Pagina Web,Paquete de clases,Clases,Paquete 10 horas,,480,,480,Daniela Lisung
Pagina Web,Inmueble,Limpieza,Visita ,Miraflores,80,,80,Daniela Lisung
Pagina Web,Pisos,Limpieza,visita tecnica ,Jesús Maria,80,,80,Navid
Pagina Web,Pisos,Limpieza,visita tecnica ,Jesús Maria,80,,80,Navid
Pagina Web,Clase modelo,Clases,clase modelo,,228,,228,Navid
Pagina Web,Pisos,Limpieza,visita tecnica ,Salamanca,80,,80,Navid
Pagina Web,Paquete de clases,Clases,Paquete,,360,,360,Daniela Lisung
Pagina Web,Colchón,Limpieza,Limpieza a Vapor,Miraflores,134.5,,269,Daniela Lisung
Pagina Web,Pisos,Limpieza,visita tecnica ,San Borja,80,,80,Navid
Pagina Web,Resolución de tarea,Clases,resolución de tarea,Huachipa,45,,45,Navid
Pagina Web,Ventana,Limpieza,Limpieza de ventanas,San Isidro,290,,290,Daniela Lisung
Pagina Web,Clase modelo,Clases,Clase modelo ,,221,,221,Navid
Pagina Web,Clase modelo,Clases,paquete de 4 horas ,,405,,405,Navid
Pagina Web,Pisos,Limpieza,visita tecnica ,Miraflores,80,,80,Navid
Pagina Web,Inmueble,Limpieza,visita tecnica ,Miraflores,60,,60,Navid
Pagina Web,Clase modelo,Clases,Clases,,530,,530,Daniela Lisung
Pagina Web,Inmueble,Limpieza,Limpieza profunda ,Miraflores ,640,,640,Navid
Pagina Web,Inmueble,Limpieza,Visita Moho,Barranco,190,,190,Daniela Lisung
Pagina Web,Mueble,Limpieza,Limpieza a Vapor,Miraflores,100,,100,Daniela Lisung
Llamada,Alfombra,Limpieza,limpieza a vapor ,Los Olivos,120,399,519,Navid
Pagina Web,Inmueble,Limpieza,visita tecnica,San Isidro,80,,80,Jose Palacios
Pagina Web,Mueble,Limpieza,limpieza a vapor ,Miraflores,270,,270,Jose Palacios
Pagina Web,Inmueble,Limpieza,visita tecnica,Miraflores,80,,80,Jose Palacios
Pagina Web,Clase modelo,Clases,clase,,130,,130,Navid
Pagina Web,Clase modelo,Clases,Clase de reforzamiento,Santiago de Surco,50,,50,Yahaira
Pagina Web,Inmueble,Limpieza,visita tecnica,Santiago de Surco,80,,80,Jose Palacios
Pagina Web,Inmueble,Limpieza,VISITA TECNICA ,San Borja,80,,80,Jose Palacios
Pagina Web,Clase modelo,Clases,clase,,160,,160,Navid
Pagina Web,Paquete de clases,Clases,paquete de 40 horas ,,2920,,2920,Navid
Pagina Web,Paquete de clases,Clases,paquete de 90 horas ,,7050,,7050,Cliente
Pagina Web,Resolución de tarea,Clases,resolucion de tarea,Barranco,140,,140,Jose Palacios
Pagina Web,Inmueble,Limpieza,limpieza a vapor,Breña,400,,400,Jose Palacios
Pagina Web,Inmueble,Limpieza,VISITA TECNICA,Magdalena,90,,90,Yahaira
Pagina Web,Mueble,Limpieza,Limpieza de mueble 3-2-1,Miraflores ,123,123,246,Navid
Llamada,Clase modelo,Clases,clase modelo,,170,,170,Navid
Llamada,Clase modelo,Clases,clase modelo,,182.5,,182.5,Cliente
Pagina Web,Inmueble,Limpieza,LIMPIEZA TIPO 2,Pueblo Libre,750,,750,Jose Palacios
Pagina Web,Alfombra,Limpieza,VISITA TECNICA,Cercado de Lima,85,,85,Yahaira
Pagina Web,Alfombra,Limpieza,limpieza agresiva,Surco,210,,210,Jose Palacios
Pagina Web,Clase modelo,Clases,CLASE modelo,Miraflores,208,,208,Jose Palacios
Llamada,Abogados,Abogados,Asesoria,,290,,290,Yahaira
Pagina Web,Pisos,Limpieza,Visita técnica,Villa el Salvador,90,,90,Mauricio
Pagina Web,Pisos,Limpieza,visita tecnica,Miraflores,40,,40,Jose Palacios
Pagina Web,Clase modelo,Clases,clase modelo,,128.8,,128.8,Navid
Pagina Web,Clase modelo,Clases,clase modelo,,128.8,,128.8,Yahaira
Pagina Web,Inmueble,Limpieza,primer pago de limpieza profunda ,Surco,645,,645,Navid
Pagina Web,Clase modelo,Clases,paquete de 10 horas ,,137.5,,137.5,Navid
Pagina Web,Clase modelo,Clases,paquete de 10 horas ,,137.5,,137.5,Navid
Pagina Web,Paquete de clases,Clases,PAQUETE 10 HORAS,,312,,312,Jose Palacios
Pagina Web,Clase modelo,Clases,paquete de 10 horas ,,275,,275,Daniela Lisung
Pagina Web,Pisos,Limpieza,Limpieza domestica,Miraflores ,125,200,325,Yahaira
Pagina Web,Paquete de clases,Clases,PAQUETE 20 HORAS,,740,,740,Daniela Lisung
Pagina Web,Inmueble,Limpieza,segundo pago limpieza profunda ,Surco,645,,645,Navid
Pagina Web,Inmueble,Limpieza,visita tecnica pisos,Surco,80,,80,Jose Palacios
Pagina Web,Pisos,Limpieza,visita tecnica pisos,Surco,50,,50,Daniela Lisung
Pagina Web,Marketing,Marketing,Logos Premium ,Surco,300,300,600,Yahaira
Pagina Web,Abogados,Abogados,Asesoria Legal,,1000,,1000,Daniela Lisung
Pagina Web,Pisos,Limpieza,Visita Técnica,San Isidro,85,,85,Mauricio
,,,,,,,,Yahaira
Pagina Web,Clase modelo,Clases,Paquete 20h ,,570,,570,Yahaira
Pagina Web,Clase modelo,Clases,Paquete 20h ,,570,,570,Daniela Lisung
Pagina Web,Pisos,Limpieza,VISITA TECNICA,Surco,80,,80,Jose Palacios
Pagina Web,Paquete de clases,Clases,Paquete de 20h,,1740,,1740,Daniela Lisung
Pagina Web,Alfombra,Limpieza,LIMPIEZA 1ALFOMBRA 13*13,San Borja,2500,,2500,Yahaira
Pagina Web,Alfombra,Limpieza,LIMPIEZA 1ALFOMBRA 13*13,San Borja,2500,,2500,Daniela Lisung
Pagina Web,Paquete de clases,Clases,PAQUETE 10 HORAS,,890,,890,Daniela Lisung
Pagina Web,Inmueble,Limpieza,Visita Técnica Moho,Surco,90,,90,Mauricio
Pagina Web,Inmueble,Limpieza,Visita Técnica Moho,Surco,80,,80,Jose Palacios
Pagina Web,Colchón,Limpieza,LIMPIEZA 2 COLCHONES TIPO 3,Jesus Maria,219,,438,Mauricio
Pagina Web,Pisos,Limpieza,Visita Técnica Piso,Surco,90,,90,Mauricio
Pagina Web,Pisos,Limpieza,visita tecnica de piso,Lince,80,,80,Jose Palacios
Pagina Web,Inmueble,Limpieza,LIMPIEZA TIPO 2 ,San Borja,550,,550,Jose Palacios
Pagina Web,Abogados,Abogados,ASESORIA,,195,,195,Jose Palacios
Pagina Web,Abogados,Abogados,ASESORIA,,500,,500,Daniela Lisung
Pagina Web,Abogados,Abogados,ASESORIA,,195,,195,Daniela Lisung
Pagina Web,Medicamento,Medicamento,2 BLISTERVoriconazol,La Molina,1045,,1045,Yahaira
Pagina Web,Inmueble,Limpieza,LIMPIEZA TIPO 2 PROFUNDA,Jesus Maria,192.5,,385,Mauricio
Pagina Web,Inmueble,Limpieza,VISITA TÉCNICA CASA,Miraflores,90,,90,Mauricio
Llamada,Abogados,Abogados,VERIFICACION DE DENUNCIA SIDPOL,Lurin,110,,110,Jose Palacios
Pagina Web,Inmueble,Limpieza,Visita de moho,Santa Anita,80,,80,Daniela Lisung
Pagina Web,Abogados,Abogados,Asesoria,,390,,390,Daniela Lisung
Llamada,Abogados,Abogados,CERTIFICADOS DE PROPIEDADES ,,530,,530,Jose Palacios
Pagina Web,Medicamento,Medicamento,2 BLISTER Voriconazol,Miraflores,1180,,1180,Yahaira
Pagina Web,Abogados,Abogados,Asesoria,,290,,290,Yahaira
Pagina Web,Paquete de clases,Clases,Segunda Parte de pago,,1300,,1300,Daniela Lisung
Pagina Web,Inmueble,Limpieza,visita tecnica de piso,La Molina,80,,80,Jose Palacios
Pagina Web,Inmueble,Limpieza,LIMPIEZA DE MOHO ,Surco,419,,419,Jose Palacios
Pagina Web,Pisos,Limpieza,VISITA TÉCNICA PISO,Miraflores,90,,90,Mauricio
Pagina Web,Colchón,Limpieza,LIMPIEZA COLCHÓN TIPO 3,Villa el Salvador,112.5,112.5,225,Mauricio
Pagina Web,Medicamento,Medicamento,8 und Voriconazol,Miraflores,750,,750,Yahaira
Pagina Web,Abogados,Abogados,ASESORIA,,390,,390,Jose Palacios
Llamada,Paquete de clases,Clases,30 horas de clase,,440,0,440,Yahaira
Pagina Web,Colchón,Limpieza,LAVADO DE COLCHON,San Juan de Lurigancho,100,99,199,Yahaira
Pagina Web,Mueble,Limpieza,LIMPIEZA VAPOR,Cercado de Lima,250,,250,Jose Palacios
Pagina Web,Abogados,Abogados,ASESORIA,Comas ,230,,230,Jose Palacios
Pagina Web,Medicamento,Medicamento, Voriconazol,Miraflores,590,,590,Yahaira
Llamada,Clase modelo,Clases,CLASE MODELO,San Isidro,125,125,250,Yahaira
Pagina Web,Clase modelo,Clases,CLASE MODELO,Barranco,100,,100,Jose Palacios
Pagina Web,Inmueble,Limpieza,VISITA TECNICA,San Borja,80,,80,Jose Palacios
Pagina Web,Mueble,Limpieza,LIMPIEZA MUEBLE A VAPOR,Barranco,290,,290,Jose Palacios
Pagina Web,Medicamento,Medicamento,CICLOFOSFAMIDA,Surco,390,,390,Jose Palacios
Pagina Web,Colchón,Limpieza,LIMPIEZA DE COLCHON TIPO 3,Surco,125,124,249,Xiomara
Pagina Web,Pisos,Limpieza,Visita Tecnica Piso,San Borja,90,,90,Yahaira
Pagina Web,Clase modelo,Clases,PAQUETE  HORAS,San Isidro,1240,,1240,Yahaira
Pagina Web,Inmueble,Limpieza,VISITA TECNICA,San Isidro,80,,80,Xiomara
Pagina Web,Paquete de clases,Clases,2 do pago ,,430,,430,Daniela Lisung
Pagina Web,Inmueble,Limpieza,VISITA TECNICA MOHO,Surco,80,,80,Jose Palacios
Pagina Web,Clase modelo,Limpieza,Clase Modelo,Surco,120,,120,Jose Palacios
Pagina Web,Inmueble,Limpieza,VISITA TECNICA CASA,Miraflores ,80,,80,Jose Palacios
Pagina Web,Mueble,Limpieza,Limpieza de muebe de cuero,Miraflores,189,,189,Daniela Lisung
Llamada,Paquete de clases,Clases,PAQUETE 20 HORAS,Surco,1140,,1140,Jose Palacios
Pagina Web,Paquete de clases,Clases,Paquete 10 horas IB,,890,,890,Yahaira
Pagina Web,Abogados,Abogados,ASESORIA,Barranco,190,,190,Xiomara
Pagina Web,Paquete de clases,Clases,Extensión de Paquete a 60 horas,,2010,,2010,Daniela Lisung
Pagina Web,Paquete de clases,Clases,Restante de Paquete,,400,,400,Daniela Lisung
Pagina Web,Clase modelo,Clases,2 horas pedalogicas,Barranco,120,,120,Jose Palacios
Pagina Web,Paquete de clases,Clases,30 HORAS PEDALOGICAS,La Molina,1767,,1767,Jose Palacios
Pagina Web,Medicamento,Medicamento,1 LENALIDOMIDA,Miraflores,5500,,5500,Jose Palacios
Pagina Web,Inmueble,Limpieza,VISITA TECNICA,,95,,95,Yahaira
Pagina Web,Ventana,Limpieza,LIMPIEZA DE VENTANAS,,110,110,220,Yahaira
Llamada,Clase modelo,Clases,Clase Modelo,,90,,90,Jose Palacios
Pagina Web,Pisos,Limpieza,Visita Tecnica Piso,Surco,80,,80,Jose Palacios
Pagina Web,Abogados,Abogados,CARTA NOTARIAL,,500,,500,Xiomara
Pagina Web,Mueble,Limpieza,Lavado de muebles,,215,,215,Yahaira
Pagina Web,Paquete de clases,Clases,Clase Modelo,,360,,360,Yahaira
Pagina Web,Paquete de clases,Clases,Paquete 10h,Jesús María,420,,420,Jose Palacios
Pagina Web,Alfombra,Limpieza,LIMPIEZA DE ALFOMBRA ,Callao,330,,330,Jose Palacios
Pagina Web,Paquete de clases,Clases,Restante de paquete ,,337,,337,Daniela Lisung
Pagina Web,Pisos,Limpieza,Visita Tecnica Piso,Breña,80,,80,Xiomara
Pagina Web,Pisos,Limpieza,Visita Tecnica Piso,Barranco,90,,90,Yahaira
Pagina Web,Inmueble,Limpieza,VISITA TECNICA DE MOHO ,Miraflores,80,,80,Jose Palacios
Pagina Web,Clase modelo,Clases,Clase Modelo,Surquillo,120,,120,Jose Palacios
Pagina Web,Inmueble,Limpieza,LIMPIEZA DE MOHO ,Surco,200,,200,Jose Palacios
Llamada,Mueble,Limpieza,LIMPIEZA DE MUEBLE 3-2,Chorrillos,219,,219,Jose Palacios
Pagina Web,Paquete de clases,Clases,Paquete 10h,Jesus Maria,420,,420,Jose Palacios
Pagina Web,Abogados,Abogados,ASESORIA,San Juan de Lurigancho,320,,320,Jose Palacios
Pagina Web,Paquete de clases,Clases,Pago de extensión de 2 horas,,100,,100,Daniela Lisung
Llamada,Inmueble,Limpieza,LIMPIEZA TIPO 2 ,Surco,1880,,1880,Jose Palacios
Pagina Web,Pisos,Limpieza,Visita Tecnica Piso,,80,,80,Jose Palacios
Pagina Web,Inmueble,Limpieza,VISITA TECNICA,Chorrillos,80,,80,Xiomara
Llamada,Colchón,Limpieza,LAVADO COLCHON CUNA TIPO3,Ate,84.5,84.5,169,Xiomara
Llamada,Pisos,Limpieza,Visita Tecnica Piso,San Borja,80,,80,Xiomara
Pagina Web,Marketing,Marketing,Videos,,50,,50,Yahaira
Llamada,Medicamento,Medicamento,Voriconazol,San Borja,750,,750,Jose Palacios
Referencia,Colchón,Limpieza,LAVADO COLCHON 1 PLAZA,Ate,99.5,100,199.5,Xiomara
Llamada,Pisos,Limpieza,Visita Tecnica Piso,Santiago de Surco,60,,60,Yahaira
Pagina Web,Inmueble,Limpieza,Limpieza Doméstica,Pueblo Libre,75,75,150,Yahaira
Pagina Web,Pisos,Limpieza,LAVADO DE ALFOMBRA,La Molina,100,99,199,Xiomara
Pagina Web,Pisos,Limpieza,Visita Tecnica Piso,Miraflores,80,,80,Jose Palacios
Pagina Web,Mueble,Limpieza,Limpieza Vapor Mueble,Miraflores,530,,530,Jose Palacios
Pagina Web,Pisos,Limpieza,Visita Tecnica Piso,La Molina,80,,80,Jose Palacios
Pagina Web,Inmueble,Limpieza,Visita Tecnica Moho,Miraflores,80,,80,Jose Palacios
Pagina Web,Inmueble,Limpieza,Visita Tecnica Moho,Miraflores,80,,80,Jose Palacios
Pagina Web,Inmueble,Limpieza,Visita Tecnica Moho,San Borja,80,,80,Xiomara
Pagina Web,Clase modelo,Clases,Clase Modelo,Santiago de Surco,150,,150,Yahaira
Pagina Web,Paquete de clases,Clases,Paquete 30h,,2647.5,,2647.5,Daniela Lisung
Pagina Web,Inmueble,Limpieza,OPERARIO X 5 HORAS ,La Molina,150,,150,Jose Palacios
Pagina Web,Clase modelo,Clases,Clase Modelo,Jesús Maria,128,,128,Jose Palacios
Pagina Web,Inmueble,Limpieza,VISITA TECNICA ,San Borja,80,,80,Jose Palacios
Pagina Web,Clase modelo,Clases,Clase Modelo,Santiago de Surco,90,,90,Yahaira
Pagina Web,Inmueble,Limpieza,Limpieza Piso,La Molina,1200,,1200,Jose Palacios
Pagina Web,Paquete de clases,Clases,Paquete 10h,Barranco,840,,840,Jose Palacios
Pagina Web,Colchón,Limpieza,2 COLCHONES QUEEN,Miraflores,739,,739,Jose Palacios
Pagina Web,Inmueble,Limpieza,Limpieza Moho,Miraflores,240,,240,Jose Palacios
Pagina Web,Paquete de clases,Clases,PAQUETE DE 6H ,San Miguel,330,,330,Yahaira
Pagina Web,Inmueble,Limpieza,Visita Tecnica Moho,Miraflores,80,,80,Xiomara
Pagina Web,Clase modelo,Clases,Clase Modelo,Los Olivos,100,,100,Yahaira
Pagina Web,Abogados,Abogados,ASESORIA MIRATORIA JANIRE,,390,,390,Jose Palacios
Pagina Web,Pisos,Limpieza,VISITA TECNICA PISOS,Pueblo Libre,80,,80,Xiomara
Llamada,Inmueble,Limpieza,LIMPIEZA BASICA CASA,San Isidro,200,,200,Xiomara
Pagina Web,Medicamento,Medicamento,MEDICAMENTOS,,588,,588,Yahaira
Pagina Web,Pisos,Limpieza,VISITA TECNICA,Lince,80,,80,Yahaira
Pagina Web,Alfombra,Limpieza,Limpieza Vapor Alfombra,Barranco,299,,299,Daniela Lisung
Pagina Web,Paquete de clases,Clases,Restante de Paquete,,585,,585,Daniela Lisung
Pagina Web,Clase modelo,Clases,Clase Modelo,,120,,120,Jose Palacios
Pagina Web,Clase modelo,Clases,Clase Modelo,Los Olivos,100,,100,Yahaira
Pagina Web,Mueble,Limpieza,Limpieza Vapor Mueble,Villa Maria del Triunfo,150,155,305,Yahaira
Pagina Web,Ventana,Limpieza,Limpieza Ventana,San Miguel,360,,360,Jose Palacios
Pagina Web,Paquete de clases,Clases,Paquete 10h,Barranco,490,,490,Jose Palacios
Pagina Web,Paquete de clases,Clases,Paquete 30h,Comas ,585,585,1170,Jose Palacios
Pagina Web,Clase modelo,Clases,Clase Modelo,Jesús Maria,190,,190,Jose Palacios
Pagina Web,Pisos,Limpieza,Visita Tecnica Piso,Miraflores ,80,,80,Yahaira
Pagina Web,Inmueble,Limpieza,Visita Tecnica Casa,Miraflores,80,,80,Xiomara
Pagina Web,Inmueble,Limpieza,Visita Tecnica Casa,Miraflores ,80,,80,Xiomara
Pagina Web,Inmueble,Limpieza,Visita Tecnica Casa,Miraflores ,80,,80,Xiomara
Pagina Web,Inmueble,Limpieza,Limpieza Industrial Profunda,La Molina,2250,,2250,Jose Palacios
Pagina Web,Abogados,Abogados,Asesoría Abogado,Santiago de Surco,290,,290,Yahaira
Pagina Web,Medicamento,Medicamento,,Santiago de Surco,490,,490,Yahaira
Pagina Web,Pisos,Limpieza,Visita Tecnica Piso,San Borja,80,,80,Yahaira
Pagina Web,Inmueble,Limpieza,Visita Tecnica Piso,Santiago de Surco,80,,80,Jose Palacios
Pagina Web,Psicologo,Psicologo,Asesoría Psicologa,Miraflores,270,,270,Xiomara
Pagina Web,Inmueble,Limpieza,Limpieza Piso,San Borja,2500,,2500,Jose Palacios
Pagina Web,Clase modelo,Clases,Clase Modelo,Jesús María,130,,130,Jose Palacios
Pagina Web,Clase modelo,Clases,Clase Modelo,Barranco,130,,130,Jose Palacios
Pagina Web,Medicamento,Medicamento,Lenalidomida,Cercado de Lima,565.5,,565.5,Jose Palacios
Llamada,Clase modelo,Clases,Clase Modelo,,90,,90,Xiomara
Pagina Web,Inmueble,Limpieza,Visita Tecnica Moho,San Isidro,80,,80,Xiomara
Pagina Web,Clase modelo,Clases,Clase Modelo,Surco,110,,110,Yahaira
Pagina Web,Abogados,Abogados,Asesoría Abogado,Surco,190,,190,Yahaira
Pagina Web,Ventana,Limpieza,Visita Tecnica Casa,San Borja,45,,45,Yahaira
Pagina Web,,Limpieza,Visita Tecnica Moho,San Juan de Miraflores,70,,70,Yahaira
Pagina Web,Mueble,Limpieza,Limpieza Vapor Mueble,Surco,169.5,169.5,339,Xiomara
Pagina Web,Pisos,Limpieza,Visita Tecnica Piso,San Isidro,80,,80,Xiomara
Pagina Web,Inmueble,Limpieza,Visita Tecnica Casa,Miraflores,80,,80,Jose Palacios
Pagina Web,Inmueble,Limpieza,Visita Tecnica Casa,Chorrillos,80,,80,Jose Palacios
Pagina Web,Inmueble,Limpieza,Visita Tecnica Piso,Lince,80,,80,Jose Palacios
Pagina Web,Inmueble,Limpieza,Visita Tecnica Piso,San Borja,80,,80,Xiomara
Llamada,Inmueble,Limpieza,Visita Tecnica Casa,Surco,80,,80,Xiomara
Pagina Web,Inmueble,Limpieza,Limpieza Piso,San Isidro,3790,,3790,Xiomara
Pagina Web,Paquete de clases,Clases,Paquete 20h,,500,1000,1500,Yahaira
Pagina Web,Inmueble,Limpieza,Limpieza Moho,,280,279,559,Yahaira
Pagina Web,Alfombra,Limpieza,Limpieza Delicado Alfombra,,230,239,469,Yahaira
Pagina Web,Abogados,Abogados,Asesoría Abogado,,2400,1200,2400,Yahaira
Pagina Web,Abogados,Abogados,Asesoría Abogado,,350,,350,Yahaira
Pagina Web,Clase modelo,Clases,Clase Modelo,,50,,50,Yahaira
Pagina Web,Paquete de clases,Clases,Paquete 20h,,1540,,1540,Daniela Lisung
Pagina Web,Paquete de clases,Clases,Paquete 30h,,707,,707,Daniela Lisung
Pagina Web,Clase modelo,Clases,Clase Modelo,,130,,130,Jose Palacios
Pagina Web,Inmueble,Limpieza,Visita Tecnica Casa,,80,,80,Xiomara
Pagina Web,Alfombra,Limpieza,Limpieza Vapor Alfombra,,565,565,1130,Yahaira
Pagina Web,Paquete de clases,Clases,Paquete 10h,,440,,440,Yahaira
Pagina Web,Mueble,Limpieza,Limpieza Delicado Mueble,,189,,189,Yahaira
Pagina Web,Clase modelo,Clases,Clase Modelo,,100,,100,Yahaira
Pagina Web,Pisos,Limpieza,Limpieza Piso,San Borja,700,,1400,Xiomara
Pagina Web,Pisos,Limpieza,Limpieza Piso,San Borja,700,,1400,Xiomara
Pagina Web,Paquete de clases,Clases,Paquete 30h,,2697,,2697,Yahaira
Pagina Web,Clase modelo,Limpieza,Clase Modelo,,100,,100,Yahaira
Pagina Web,MOHO,Limpieza,Visita Tecnica Moho,,90,,90,Yahaira
Pagina Web,Inmueble,Limpieza,Visita Tecnica Casa,Miraflores,80,,80,Jose Palacios
Pagina Web,Paquete de clases,Clases,Paquete 10h,,700,,700,Yahaira
Pagina Web,MOHO,Limpieza,Limpieza Moho,,150,155,305,Yahaira
Pagina Web,Ventana,Limpieza,Visita Tecnica Casa,Lince,45,,45,Yahaira
Pagina Web,Ventana,Limpieza,Limpieza Ventana,San Isidro,100,100,200,Yahaira
Pagina Web,Inmueble,Limpieza,Visita Tecnica Piso,Miraflores,80,,80,Jose Palacios
Pagina Web,Inmueble,Limpieza,Visita Tecnica Moho,Miraflores,80,,80,Jose Palacios
Pagina Web,Inmueble,Limpieza,Visita Tecnica Moho,Miraflores,80,,80,Xiomara
Pagina Web,Inmueble,Limpieza,Limpieza Piso,San Isidro,899,,899,Xiomara
Pagina Web,Clase modelo,Clases,Clase Modelo,,120,,120,Yahaira
Pagina Web,MOHO,Limpieza,Visita Tecnica Moho,,70,,70,Yahaira
Pagina Web,Medicamento,Medicamento,Voriconazol,,590,,590,Yahaira
Pagina Web,Paquete de clases,Clases,Paquete 10h,San Juan de Miraflores,640,,640,Jose Palacios
Pagina Web,Paquete de clases,Clases,Paquete 20h,Miraflores ,1900.8,,1900.8,Yahaira
Pagina Web,Paquete de clases,Clases,Paquete 10h,San Borja,440,,440,Yahaira
Pagina Web,MOHO,Limpieza,Limpieza Moho,Pueblo Libre,80,,80,Yahaira
Pagina Web,Clase modelo,Clases,Clase Modelo,Jesús María,140,,140,Yahaira
Pagina Web,Abogados,Abogados,Asesoría Abogado,Jesus Maria,450,,450,Jose Palacios
Pagina Web,Abogados,Abogados,Asesoría Abogado,La Molina,94,,94.4,Jose Palacios
Pagina Web,Clase modelo,Clases,Clase Modelo,Comas ,150,,150,Jose Palacios
Pagina Web,Inmueble,Limpieza,Visita Tecnica Piso,Jesus Maria,80,,80,Jose Palacios
Pagina Web,Inmueble,Limpieza,Limpieza Moho,San Miguel,110,,220,Jose Palacios
Pagina Web,Inmueble,Limpieza,Limpieza Doméstica,Miraflores,55,,110,Jose Palacios
